text,severity_rating,severity_description
69,1,Mild
@55,1,Mild
@ssfcker,2.8,Severe
@ssfucker,2.8,Severe
@ssfvcker,2.4,Strong
@sshole,1.6,Strong
0ral seks,1,Mild
0ral sex,1.8,Strong
0rg@sm,1,Mild
0rgasms,1,Mild
3jakulating,1.6,Strong
4r5e,1.4,Mild
4r5ed,1.4,Mild
4r5es,1.4,Mild
4skin,1,Mild
5h17,1,Mild
5h1t,1,Mild
5kank,2,Strong
a_s_s,1,Mild
abbie,1.2,Mild
abeed,1.8,Strong
aboe,1,Mild
anal,1,Mild
anal hole,2.2,Strong
anal hore,2.4,Strong
anal pirate,2.2,Strong
analingus,1.6,Strong
analplug,2.2,Strong
analplugs,2,Strong
anilingus,1.8,Strong
animal fucker,3,Severe
anus,1,Mild
anus plug,2,Strong
ape shit,1.6,Strong
ape shite,1.6,Strong
apeshit,1.4,Mild
apeshite,1.4,Mild
ar5e,1,Mild
ar5ehole,1.4,Mild
arse,1,Mild
arse gobbler,2,Strong
arse hole,1.2,Mild
arse-bandit,2,Strong
arse-bandits,2.2,Strong
arse-fucker,2.6,Severe
arse-fuckers,2.6,Severe
arse-hole,1.8,Strong
arse-shagger,2.4,Strong
arsefuck,2.8,Severe
arsefucker,2.6,Severe
arsehole,1.4,Mild
arseshit,1.8,Strong
arsewipe,1.4,Mild
ashole,1.6,Strong
ass,1,Mild
ass bandit,1.6,Strong
ass eating boiolas,2.8,Severe
ass eating nob jokeys,2.8,Severe
ass fecker,2.6,Severe
ass fuck,2.8,Severe
ass fucker,2.6,Severe
ass fucking boiolas,2.6,Severe
ass fucking nob jokeys,2.6,Severe
ass hole,1.2,Mild
ass kisser,1.2,Mild
ass licking,1.6,Strong
ass muncher,2.2,Strong
ass-bandit,1.8,Strong
ass-fucker,2.8,Severe
ass-fuckers,2.6,Severe
ass-hole,2,Strong
asses,1,Mild
assface,1.6,Strong
assfck,2.6,Severe
assfcker,2.8,Severe
assfk,2.2,Strong
assfkcer,2.6,Severe
assfker,2.2,Strong
assfkr,2.2,Strong
assfook,2.6,Severe
assfuccer,2.2,Strong
assfuck,2.6,Severe
assfuck3r,2.8,Severe
assfucker,2.8,Severe
assfuckers,2.8,Severe
assfuckerz,2.4,Strong
assfukah,2.4,Strong
assfukka,2.8,Severe
assfukker,2.6,Severe
assfukkerz,2.8,Severe
assfvck3r,3,Severe
assfvcker,2.6,Severe
asshat,1.2,Mild
asshol3,1.8,Strong
asshole,1.2,Mild
asshole fucker,2.6,Severe
assholes,1.6,Strong
assmunch,1.8,Strong
assmuncher,2.2,Strong
asswhole,1.4,Mild
asswipe,1.6,Strong
axe wound,1.2,Mild
azz,1,Mild
azzhole,1.6,Strong
b to the inch,1.2,Mild
bÔºÅtch,1.4,Mild
b00bz,1,Mild
b0llock,1,Mild
b0llocks,1.2,Mild
b1+ch,1,Mild
b17ch,1.4,Mild
b1otch,1.4,Mild
b1otchs,1.2,Mild
b1tch,1.4,Mild
b1tch1ng,1.2,Mild
b1tch35,1,Mild
b1tch3s,1.4,Mild
b1tchees,1.4,Mild
b1tches,1.4,Mild
b1tchez,1.2,Mild
b1tchin,1.2,Mild
b1tching,1.2,Mild
b1tchs,1.4,Mild
b1tchy,1.2,Mild
baby batter,1.4,Mild
ballbag,1,Mild
bangbros,1.6,Strong
bassturd,1.2,Mild
bastard,1.2,Mild
bastardish,1,Mild
bastards,1.6,Strong
basterd,1,Mild
bastid,1.2,Mild
bastinado,1.8,Strong
basturd,1.2,Mild
bater,1.6,Strong
bates,1,Mild
batshit,1,Mild
batshite,1.2,Mild
bbc,1.4,Mild
bean queen,2.2,Strong
beaner,2.6,Severe
beaners,2.6,Severe
beat my meat,1.2,Mild
beat off,1.2,Mild
beat the meat,1.4,Mild
beat your meat,1.4,Mild
beeotch,1,Mild
bell end,1,Mild
bellend,1.2,Mild
bender,1.6,Strong
bewbs,1,Mild
beyoch,1.2,Mild
beyotch,1.2,Mild
bi + ch,1.2,Mild
bi+ch,1.4,Mild
biatch,1.2,Mild
biches,1.4,Mild
biotch,1,Mild
biotches,1.2,Mild
biotchez,1.4,Mild
bishes,1.2,Mild
bitch,1.4,Mild
bitch3s,1.2,Mild
bitchass,1.6,Strong
bitchasses,1.8,Strong
bitched,1.2,Mild
bitcher,1.4,Mild
bitchers,1.4,Mild
bitches,1.6,Strong
bitchez,1.4,Mild
bitchfuck,2.4,Strong
bitchhole,2.4,Strong
bitchin,1.2,Mild
bitchin',1,Mild
bitching,1,Mild
bitchlike,1.2,Mild
bitchness,1.6,Strong
bitchs,1,Mild
bitchslap,1,Mild
bitchtits,2.2,Strong
bitchy,1.2,Mild
bitchy ass,1.8,Strong
bizzach,1.6,Strong
BJ,1.6,Strong
blacky,2.4,Strong
blow a load,1.6,Strong
blow job,2,Strong
blowjob,1.2,Mild
blumpkin boy,2.4,Strong
boll0ck,1,Mild
bollock,1,Mild
bollockchops,1.2,Mild
bollocks,1.2,Mild
bollocktician,1.4,Mild
bollox,1,Mild
bondage,1,Mild
boner,1,Mild
bonk juice,1.6,Strong
boobs,1,Mild
booty,1,Mild
breasticles,1.4,Mild
breasts,1,Mild
bugger,1.2,Mild
bugger off,1,Mild
bull shit,1,Mild
bullshi,1,Mild
bullshit,1.2,Mild
bullshite,1,Mild
bum-bandits,1.8,Strong
bum-driller,2.8,Severe
bumhole,1,Mild
bung hole,1,Mild
butt fuck,2.2,Strong
butt fucker,3,Severe
butt hole,1,Mild
butt pirate,2.2,Strong
butt-fucker,2.2,Strong
butt-fuckers,2.8,Severe
butt-fucking-bandit,2.6,Severe
butt-munchers,2,Strong
buttermilk,1.4,Mild
buttfuck,2.2,Strong
buttfucker,3,Severe
buttfuckers,3,Severe
butthole,1.2,Mild
butthole boy,2.6,Severe
bwc,1.4,Mild
c*nt,3,Severe
c*ntface,3,Severe
c*nts,2.8,Severe
c*nty,2.8,Severe
c00n,2.8,Severe
c00nies,2.6,Severe
c0ck,1.2,Mild
c0ckhead,2,Strong
c0cks,1.6,Strong
c0cksuccer,2,Strong
c0cksucked,2,Strong
c0cksucker,2.2,Strong
c0cksuckers,2.2,Strong
c0x,1.4,Mild
c0xux0r,1.8,Strong
caaak,1.4,Mild
caca,1,Mild
cack,1.2,Mild
cagone,1.2,Mild
cajones,1,Mild
Camel jockey,2.8,Severe
cameltoe,1.2,Mild
carpet muncher,2.4,Strong
carpetmuncher,2.6,Severe
carpetmunchers,2.2,Strong
carpetmunching,1.6,Strong
cawk,1.4,Mild
cawk muncher,2.4,Strong
cawkmuncher,2.2,Strong
cawks,1.2,Mild
cawksucker,2.6,Severe
ch1nk,3,Severe
chesticles,1,Mild
china-virus,2.2,Strong
chinavirus,2.6,Severe
chinese-virus,2.8,Severe
chingchong,2.8,Severe
chink,3,Severe
chinky,3,Severe
choad nectar,2,Strong
chocha,2.4,Strong
choke the chicken,1.4,Mild
cholo,1.6,Strong
clitlickers,2,Strong
closet fuckhead,2.8,Severe
clusterfuck,1.8,Strong
clusterfucked,2.2,Strong
clusterfucker,2.4,Strong
clusterfucking,2,Strong
clusterfucks,2,Strong
cobb knobbler,1.8,Strong
cock,1.4,Mild
cock droplets,2.4,Strong
cock head,2,Strong
cock jockey,2.4,Strong
cock knocker,1.8,Strong
cock licker,2,Strong
cock munch,2,Strong
cock rider,2.4,Strong
cock smoker,2.2,Strong
cock snot,2.2,Strong
cock suck,1.8,Strong
cock sucker,2.4,Strong
cock sucking,2.2,Strong
cock sucking boiolas,2.6,Severe
cock sucking nob jokeys,2.8,Severe
cock tease,1.8,Strong
cock-face,2.2,Strong
cock-gobbler,2.4,Strong
cock-head,1.8,Strong
cock-sucker,2,Strong
cock-suckers,2,Strong
cockboy,2.4,Strong
cockeater,2.2,Strong
cockface,2,Strong
cockgobbler,1.8,Strong
cockh3ad,2.4,Strong
cockhead,1.8,Strong
cockheads,2.4,Strong
cockhed,2,Strong
cockless,1.4,Mild
cocklicker,2.2,Strong
cockmonger,2.2,Strong
cockmunch,2.2,Strong
cockmuncher,1.8,Strong
cocks,1.6,Strong
cockshit,2.2,Strong
cockskin,1.8,Strong
cocksmoker,2.2,Strong
cocksucc,2,Strong
cocksuccas,2.2,Strong
cocksuccer,2.2,Strong
cocksuccers,2.2,Strong
cocksuck,2.2,Strong
cocksuckas,2.4,Strong
cocksucked,2,Strong
cocksucker,2.2,Strong
cocksuckers,2.2,Strong
cocksucking,2.4,Strong
cocksucking mothafuckers,3,Severe
cocksucks,2.2,Strong
cocksuk,2,Strong
cocksuka,2,Strong
cocksukka,2.2,Strong
cocsuck,2,Strong
cokmuncher,2.2,Strong
coksucka,1.8,Strong
coolie,1.8,Strong
coon,3,Severe
coon1es,3,Severe
cooni3s,2.4,Strong
coonie,2.8,Severe
coonies,3,Severe
coons,2.8,Severe
coot,1.6,Strong
coot coot,1.4,Mild
cooter,1.2,Mild
cooter shooting,2.6,Severe
cooterpuffing,2.4,Strong
cooties,1,Mild
cotton picker,2.8,Severe
crazy mofos,1.4,Mild
crazy sob,1.4,Mild
creampie,2.2,Strong
crotch,1,Mild
crotch fiddler,2.2,Strong
crotchy,1.4,Mild
crow,1,Mild
crows,1.4,Mild
cuksuker,2.4,Strong
cuksukka,2.2,Strong
cum goon,2,Strong
cumball,2.4,Strong
cumdumpster,2.8,Severe
cumming,1.6,Strong
cums,1.4,Mild
cumslut,2.8,Severe
cumz,2,Strong
cunnilingus,2,Strong
cunt,2.6,Severe
cunt ass,2.8,Severe
cunt fart,2.6,Severe
cunt lick,3,Severe
cunt licker,3,Severe
cunt lips,2.8,Severe
cuntasaurus rex,2.8,Severe
cuntbag,3,Severe
cuntbollock,2.2,Strong
cuntelope,2.4,Strong
cuntits,2.8,Severe
cuntless,2.8,Severe
cuntlick,3,Severe
cuntlicker,2.4,Strong
cuntlickers,2.6,Severe
cuntness,3,Severe
cunts,2.6,Severe
cunty,2.8,Severe
cuntz,2.8,Severe
cuunt,2.6,Severe
cyberfck,2.2,Strong
cyberfcks,2.4,Strong
cyberfuccs,2.2,Strong
cyberfucks,2.2,Strong
cyberfucs,2,Strong
cyberfukk,2,Strong
cyberfukks,2.2,Strong
cyberfvcks,2.2,Strong
d!ck,1,Mild
d!cks,1,Mild
d!ld0,1.4,Mild
d!ldo,1.4,Mild
d0ggy style,1.8,Strong
d1ck,1,Mild
d1ckhead,1.8,Strong
d1ckheads,1.8,Strong
d1cks,1.4,Mild
d1cksucker,1.8,Strong
d1cksukka,2,Strong
d1ckz,1,Mild
d1ldo,1.4,Mild
dafuq,2.2,Strong
dago,2.2,Strong
darkass,2.6,Severe
darkfuck,2.4,Strong
darkie,2.8,Severe
darkshit,3,Severe
darktard,3,Severe
darky,2.8,Severe
dick breath,2,Strong
dick face,1.8,Strong
dick fucker,2.8,Severe
dick head,1.8,Strong
dick licker,2.4,Strong
dick milker,2.2,Strong
dick nibbler,2.4,Strong
dick smoker,2.4,Strong
dick sucker,2.2,Strong
dick-face,1.8,Strong
dick-gobbler,1.8,Strong
dick-head,1.8,Strong
dickface,2,Strong
dickfucker,2.8,Severe
dickhead,2,Strong
dickheads,1.6,Strong
dickjockies,2.2,Strong
dickless,1.4,Mild
dicklicker,2.2,Strong
dickmuncher,2,Strong
dicks,1,Mild
dickskin,1.8,Strong
dickslapper,1.8,Strong
dicksmoker,2.8,Severe
dicksucker,2.2,Strong
dickvag,1.6,Strong
dickz,1.2,Mild
diddle,1,Mild
dikhead,1.6,Strong
diks,1.2,Mild
dild0,1,Mild
dipsh1t,1.6,Strong
dipsh1tty,1.6,Strong
dipshat,1.2,Mild
dipshidiot,1.6,Strong
dipshit,1.4,Mild
dipshite,1.6,Strong
dipshits,1.6,Strong
dipshitter,1.6,Strong
dipshitty,1.8,Strong
dipstick,1.2,Mild
dirty sanchez,2.4,Strong
dix,1,Mild
dlck,1.2,Mild
dlcks,1,Mild
dog fuck,2.8,Severe
dog fucker,3,Severe
dog fucking,2.8,Severe
dog shit,1.2,Mild
dog-fucker,2.8,Severe
dog's bollocks,1.2,Mild
doggo style,1.2,Mild
doggy style,1.4,Mild
doggy_style,1.4,Mild
dogie style,1,Mild
dogsh1t,1.2,Mild
dogsh1ts,1,Mild
dogshit,1,Mild
dogshits,1.4,Mild
dogstyle,1,Mild
dolt,1,Mild
dong,1.2,Mild
doosh,1.4,Mild
dothead,2.6,Severe
double dick,1.6,Strong
double dicking,2.2,Strong
double pen,1.2,Mild
double-dong,1.4,Mild
douche,1,Mild
douche bag,1,Mild
douche canoe,1.4,Mild
douchebag,1.4,Mild
dumasses,1,Mild
dumb bastard,1.2,Mild
dumb fucker,2,Strong
dumb@ss,1.2,Mild
dumbarrassed,1.4,Mild
dumbass,1.4,Mild
dumbass fucker,2.6,Severe
dumbass mofoes,2.4,Strong
dumbass mothafuckers,2.8,Severe
dumbass son-of-a-bitch,1.8,Strong
dumbasses,1,Mild
dumbfucks,2.2,Strong
dumbshit,1.6,Strong
dump a load,1.6,Strong
dune coon,3,Severe
dyke,2.8,Severe
erectoplasm,1.8,Strong
f_u_c_k,2.2,Strong
f'ed,1.8,Strong
f'er,1.6,Strong
f@ck,1.6,Strong
f@cker bunny,2.2,Strong
f@g,2.8,Severe
f@gg0t,3,Severe
f@gging,2.8,Severe
f@ggot,3,Severe
f@gs,3,Severe
f@gshit,2.8,Severe
f@k,1.8,Strong
f0ck,2,Strong
f0cked,2,Strong
f0cker,2.4,Strong
f0ckers,2.2,Strong
face fuck,2.8,Severe
fack,1.4,Mild
fackuhs,2,Strong
fag,2.8,Severe
fag asses,2.8,Severe
fag bag,2.8,Severe
fag hag,2.6,Severe
fag queen,2.8,Severe
fag0t,3,Severe
faget,3,Severe
fagg0t,3,Severe
fagging,3,Severe
faggo,2.8,Severe
faggot,2.8,Severe
faggot mofoes,3,Severe
faggot mothafuckers,3,Severe
faggot nob jokeys,3,Severe
faggot nobjockies,3,Severe
faggot son-of-a-bitch,3,Severe
faggoting,3,Severe
faggots,3,Severe
faggs,3,Severe
faggy,3,Severe
fagot,2.8,Severe
fags,3,Severe
fagshit,3,Severe
fart-fucker,2.2,Strong
fatass,1.2,Mild
fatasses,1.2,Mild
fccuker,2,Strong
fck,2.4,Strong
fck you,2.2,Strong
fcka,1.8,Strong
fckahz,2.2,Strong
fcked,2,Strong
fckedup,2,Strong
fcker,2.2,Strong
fckin,2,Strong
fcking,2.2,Strong
Fckk,2.2,Strong
fckked,2,Strong
fckking,2.2,Strong
fcks,2,Strong
fcktard,2.8,Severe
fckyeah,1.6,Strong
fcuk,2,Strong
fcuked,2.2,Strong
fcuker,2.4,Strong
fcukers,2.2,Strong
fcuking,2.2,Strong
fcukker,2.2,Strong
fcuks,2.2,Strong
fcvking,2.2,Strong
feck,1.6,Strong
feck arse,2.2,Strong
fecker,2.2,Strong
feg,2.4,Strong
fellatio aficionado,2,Strong
fellator,1.6,Strong
fick,1.6,Strong
finger,1,Mild
finger fuck,2.6,Severe
fingerbanged,1.6,Strong
fingerpop,1.4,Mild
fk bunny,2,Strong
fkbny,1.6,Strong
fked,2,Strong
fker,2.4,Strong
fking,2.2,Strong
fkings,1.8,Strong
fkker,2.2,Strong
flamer,2,Strong
flamers,2.8,Severe
focker,2,Strong
fook,1.6,Strong
fooker,1.8,Strong
fookuh,1.8,Strong
forked,1,Mild
fothermuckers,1.8,Strong
fuc,1.6,Strong
fucc,2,Strong
fucca,2,Strong
fuccers,2.2,Strong
fuccing,2.6,Severe
fuccs,2,Strong
Fuck,2,Strong
fuck arse,2.4,Strong
fuck face,2.4,Strong
fuck faces,2.2,Strong
fuck goblin,2.2,Strong
fuck head,2.4,Strong
fuck off,2,Strong
fuck up,1.8,Strong
fuck y0u,2.4,Strong
fuck you,2.4,Strong
fuck your,2.4,Strong
fuck your mother,2.8,Severe
fucka,2.2,Strong
fuckahs,2,Strong
fuckass,2.4,Strong
fuckasses,2.4,Strong
fuckaz,2.2,Strong
fuckbag,2.6,Severe
fuckboy,2.6,Severe
fucked,1.8,Strong
fucked up,2.2,Strong
fuckem,2.2,Strong
fucker,2.2,Strong
fucker off,2,Strong
fuckers,2.4,Strong
fuckface,2.2,Strong
fuckfaces,2.2,Strong
fuckhead,2.2,Strong
fuckheaded,2.6,Severe
fuckheads,2.6,Severe
fuckin,2,Strong
fucking,2.2,Strong
fucking A,2.4,Strong
fucking asshole,2.8,Severe
fucking bastard,2.4,Strong
fucking hell,2,Strong
fucking me,2.2,Strong
fucking retard,3,Severe
fucking shit,1.8,Strong
fuckk,2.2,Strong
fuckless,2,Strong
fuckmachine,2,Strong
fucknuckle,2.4,Strong
fucks,2,Strong
fuckshit,2.4,Strong
fuckshitface,2.4,Strong
fuckshithead,2.8,Severe
fuckstar,2.2,Strong
fuckster,2.2,Strong
fuckstick,2.2,Strong
fucktard,2.8,Severe
fucktards,2.6,Severe
fuckup,2,Strong
fuckwad,2.2,Strong
fuckwhore,2.6,Severe
fucs,2.4,Strong
fucx,2.2,Strong
fudgefucker,3,Severe
fudgepacker,2.4,Strong
fudgepackers,2.2,Strong
fudgepackershitter,3,Severe
fudgepacking fucker,3,Severe
fugged,1.8,Strong
fugger,2,Strong
fuggerz,2.6,Severe
fuggings,2,Strong
fugly,1.4,Mild
fuk,2,Strong
fuk1n,2,Strong
fuk1ng,2.2,Strong
fukcs,2,Strong
fuker,2.2,Strong
fukheads,2,Strong
fukin,2.2,Strong
fuking,2,Strong
fukk,2,Strong
fukka,2.2,Strong
fukked,2,Strong
fukker,2,Strong
fukkers,2,Strong
fukking,2,Strong
fukkings,2,Strong
fukkuh,2.2,Strong
fuks,2.2,Strong
fuku,2.6,Severe
fukwhore,2.8,Severe
fukwit,2.2,Strong
full of shit,1,Mild
funbags,1,Mild
fuq,1.8,Strong
futhamucka,2.6,Severe
fux,2.2,Strong
fux0r,2,Strong
fvck,1.8,Strong
fvck you,2.2,Strong
fvcka,2,Strong
fvckbunny,2.2,Strong
fvcker,2.4,Strong
fvckers,2.2,Strong
fvckin,1.8,Strong
fvcking,2,Strong
fvckker bunny,2.2,Strong
fvckwhi,2.2,Strong
fxck,1.6,Strong
fxcked,2,Strong
fxcker,2.2,Strong
fxcking,2.2,Strong
g@y b1tch,2.6,Severe
g@ylord,1.8,Strong
g@yshit,2.6,Severe
g0ddamn,1.2,Mild
g0ddamned,1.6,Strong
g0ddamnit,1,Mild
gash-stabber,2,Strong
gay ass,2.6,Severe
gay bitch,2.6,Severe
gay fuck,2.6,Severe
gay fucker,2.8,Severe
gay shit,1.8,Strong
gay wad,2,Strong
gayest,1,Mild
gaylord,1.6,Strong
gaylords,2.2,Strong
gayness,1.4,Mild
gaysian,2.6,Severe
gaytard,2.8,Severe
geebag,1.8,Strong
get fucked,2.4,Strong
gin jockey,2,Strong
girlieboy,1.4,Mild
girly bits,1,Mild
girlyboy,1.4,Mild
go fuck yourself,2.6,Severe
go to hell,1,Mild
gobshite,1.8,Strong
god dammit,1.6,Strong
god damn,1.4,Mild
god damn it,1.8,Strong
god damned,1.2,Mild
god damnit,2.2,Strong
god-dam,1.2,Mild
god-damned,1.4,Mild
godamnit,2,Strong
godd@amn,1.4,Mild
godd@mnit,1.4,Mild
goddammit,1,Mild
goddamn,1.6,Strong
goddamn mothafuckers,2.8,Severe
goddamn son of a bitch,2.2,Strong
goddamn son-of-a-bitch,1.4,Mild
goddamned,1.8,Strong
goddamnit,1.6,Strong
gook,2.8,Severe
gowl,1.6,Strong
greaser,1,Mild
groid,2,Strong
groper,1.4,Mild
gyp,2,Strong
harry palms,1.6,Strong
heeb,2.2,Strong
higg@,2.6,Severe
higg3r,2.8,Severe
higga,2.8,Severe
higger,2.6,Severe
higgers,3,Severe
hoar,1.8,Strong
hoe,2,Strong
hoe-asses,2.2,Strong
hoebag,2,Strong
hoes,2,Strong
holy fuck,2,Strong
homo,2.2,Strong
homo asses,2.8,Severe
homos,2.2,Strong
hooters,1,Mild
horse shit,1.2,Mild
horse's asses,1.4,Mild
horseshit,1.2,Mild
hustler,1,Mild
injun,2.4,Strong
j-offs,1.4,Mild
j3rk,1,Mild
ja!lbait,1,Mild
ja1lbait,1,Mild
Jack off,1.4,Mild
jack-off,1.2,Mild
jack-offs,1.4,Mild
jackarse,1,Mild
jackass,1,Mild
jackasses,1,Mild
jackasss,1.2,Mild
jackoff,2,Strong
jackoffs,1.2,Mild
jackoffz,1.6,Strong
jagoff,1,Mild
jailba!t,1.6,Strong
jailbait,1,Mild
jap,2.8,Severe
jerk off,1,Mild
jerk-0ff,1.2,Mild
jerk-0ffs,1.4,Mild
jerk-off,1.2,Mild
jerk-offs,1,Mild
jerking off,1,Mild
jerkoff,1.6,Strong
jerkoff jerking off,1.2,Mild
jerkoffs,1.2,Mild
jerks off,1.4,Mild
jewboy,2.8,Severe
jigaboo,2.4,Strong
jigaboos,2.8,Severe
jigga,2.4,Strong
jiggaboo,3,Severe
jiggabooboo,2.4,Strong
jiggaboos,3,Severe
jiggabu,3,Severe
jiggas,2.8,Severe
jigger,3,Severe
jiggerboo,2.6,Severe
jiggerboos,3,Severe
jiggs,2.6,Severe
jiggyboo,3,Severe
jigro,2.8,Severe
jim crow,1.4,Mild
jizz,1.6,Strong
jizz eater,2.4,Strong
jizz licker,2.4,Strong
jizz-jockey,2.2,Strong
jizzbags,2.4,Strong
jizzed,2,Strong
jizzes,2.2,Strong
jizzfucker,2.6,Severe
jizzing,1.6,Strong
jizzsacks,1.8,Strong
jizzstain,2.8,Severe
jizzy,1.6,Strong
k!k3,2.6,Severe
k!ke,3,Severe
k..!ke,3,Severe
k1k3,3,Severe
k1ke,2.8,Severe
kid diddler,3,Severe
kiddy touch,1.8,Strong
kike,3,Severe
kikes,3,Severe
kiss ass,1,Mild
kiss my ass,1.6,Strong
kitty puncher,2.2,Strong
kkk,1.8,Strong
klan,1.8,Strong
klitoris,1,Mild
kneegrows,2.8,Severe
knickers,1.8,Strong
knob,1.4,Mild
knob eater,2.2,Strong
knob gobbler,1.8,Strong
knob jockey,1.8,Strong
knob-face,1.6,Strong
knob-gobbler,1.6,Strong
knob-head,2,Strong
knob3d,1.6,Strong
knob3nd,1.2,Mild
knobd,1.2,Mild
knobe,1,Mild
knobead,1.4,Mild
knobeads,1.4,Mild
knobed,1.4,Mild
knobeds,1.8,Strong
knobend,1.2,Mild
knobender,2.2,Strong
knobends,1.4,Mild
knobendy,1.6,Strong
knobendz,1.4,Mild
knober,1,Mild
knobes,1.2,Mild
knobgobbler,1.8,Strong
knobhead,1.6,Strong
knobheads,1.6,Strong
knobjockies,1.8,Strong
knobjocky,2.2,Strong
knobjokey,2.6,Severe
knobjokeys,1.8,Strong
ku kluxer,2.6,Severe
kyke,3,Severe
l@dyb0i,2.2,Strong
l@dyb0y,2,Strong
l@dyboy,2,Strong
l3i + ch,1.2,Mild
l3i+ch,1.2,Mild
l3itch,1.4,Mild
l3itches,1.2,Mild
ladboys,1.4,Mild
ladboyz,1.4,Mild
ladiboy,2.2,Strong
lady-boy,2.6,Severe
ladyb0i,2.2,Strong
ladyb0y,2.4,Strong
ladyboy,2.2,Strong
ladyboys,2.4,Strong
ladyboyz,1.4,Mild
lesbo,2.2,Strong
loose woman,1.4,Mild
m@asterbated,1.4,Mild
m@derfaker,2.8,Severe
m@derfuck,3,Severe
m@derfuckers,2.6,Severe
m0f0,2,Strong
m0f0s,2.4,Strong
m0fo,2.6,Severe
m0foes,2.2,Strong
m0fos,2.6,Severe
m0ng0l0id,2.2,Strong
m0ngoloid,2.2,Strong
m0thafucked,3,Severe
m0thafucker,3,Severe
m0thafucking,2.8,Severe
m0therfuckeds,2.8,Severe
m0therfucker,2.4,Strong
m0therfucking,3,Severe
m0therfvcker,3,Severe
man chowder,1,Mild
man meat,1.2,Mild
man seed,1,Mild
markasses,2,Strong
meat curtains,2,Strong
meat-sword,1.2,Mild
mecha fag,3,Severe
mega fag,2.8,Severe
mf'er,2.2,Strong
mf'ers,2.6,Severe
mf'ing,2.2,Strong
mfckers,2.2,Strong
MFer,1.8,Strong
MFers,2.8,Severe
mfing,1.8,Strong
mfk,1.6,Strong
mfs,2.2,Strong
mfukk,3,Severe
mfukker,2.8,Severe
milf,1.8,Strong
mindfuck,2.2,Strong
mof0es,2.2,Strong
mof0s,2.6,Severe
mofcker,2.6,Severe
mofo,2,Strong
mofo ass,2.4,Strong
mofoes,2,Strong
mofos,2,Strong
mofoshit,2.2,Strong
mofuccers,2.4,Strong
mofucckers,2.4,Strong
mofuck,2.8,Severe
mofucker,2,Strong
mofuckkas,2.4,Strong
mofuk,2.2,Strong
mofukkas,2.4,Strong
molester,2.2,Strong
mong,1.8,Strong
mongoloid,2.2,Strong
mongrel,2.6,Severe
motha fucka,2.8,Severe
motha fucker,2.4,Strong
motha fuckers,3,Severe
mothaf@cked,2.6,Severe
mothafcked,2.6,Severe
mothafcking,2.8,Severe
Mothafucc,2.8,Severe
mothafucced,2.6,Severe
mothafuccer,3,Severe
mothafuccing,3,Severe
mothafuck,2.8,Severe
mothafucka,2.8,Severe
mothafuckas,2.6,Severe
mothafuckasses,3,Severe
mothafuckaz,2.6,Severe
mothafuckazzes,3,Severe
mothafucked,2.8,Severe
mothafuckeds,2.8,Severe
mothafucker,3,Severe
mothafuckers,2.6,Severe
mothafuckin,2.6,Severe
mothafucking,3,Severe
mothafuckings,2.8,Severe
mothafuckins,2.6,Severe
mothafucks,2.8,Severe
mothafuckz,2.6,Severe
mothafvcked,2.8,Severe
mother effer,2.2,Strong
mother fuck,2.8,Severe
mother fuck you,2.6,Severe
mother fucka,2.8,Severe
mother fucker,3,Severe
mother fuckers,3,Severe
mother fucking,3,Severe
mothercker,2.2,Strong
motherf@kka,2.6,Severe
motherfacking,2.4,Strong
motherfcked,2.8,Severe
motherfckin,3,Severe
motherfcking,3,Severe
motherfcks,2.8,Severe
motherfckshit,2.8,Severe
motherfecka,2.4,Strong
motherfecker,2.8,Severe
motherfk,2.8,Severe
motherfucca,2.6,Severe
motherfuccas,3,Severe
motherfuccers,3,Severe
motherfuck,2.4,Strong
motherfucked,3,Severe
motherfuckeds,3,Severe
motherfucker,3,Severe
motherfuckers,2.8,Severe
motherfuckin,2.6,Severe
motherfucking,2.8,Severe
motherfuckings,2.8,Severe
motherfuckingshit,2.8,Severe
motherfuckins,2.8,Severe
motherfuckka,3,Severe
motherfuckkas,3,Severe
motherfuckkers,3,Severe
motherfucks,3,Severe
motherfukka,3,Severe
motherfukker,3,Severe
motherfukkings,2.6,Severe
motherfvck,2.6,Severe
motherfvcked,2.6,Severe
motherfvckeds,2.2,Strong
motherfvcker,3,Severe
motherfvckers,2.8,Severe
motherfvcking,2.8,Severe
motherfxck,2.4,Strong
motherfxcking,2.6,Severe
mothfck,2.6,Severe
mothter fuck,3,Severe
mtherfuker,3,Severe
mthrfcker,2.6,Severe
muddafukkas,3,Severe
mudderfuk,2.2,Strong
mudderfukker,2.6,Severe
mufdive,1.8,Strong
mufdivin,2.8,Severe
muff,1.4,Mild
muffdiving,2,Strong
muffdivings,2.2,Strong
muffindivin,1.8,Strong
muffindiving,1.8,Strong
muhfucking,2.4,Strong
mushroom tip,1.4,Mild
mutha fucka,2.8,Severe
mutha fucker,2.4,Strong
muthafecker,2.8,Severe
muthafeckers,3,Severe
muthafucka,2.8,Severe
muthafuckers,3,Severe
muthafuckings,3,Severe
muthafuckker,3,Severe
muthafuckkers,2.8,Severe
muthafukka,3,Severe
mutherfucker,2.6,Severe
mutherfuckers,2.8,Severe
n0bhead,1.6,Strong
n0bj0cky,2.4,Strong
n1ckker,2.8,Severe
n1g3r,3,Severe
n1g3rz,3,Severe
n1gg@,3,Severe
n1gg@hs,2.8,Severe
n1gg3r,3,Severe
n1gg3rs,3,Severe
n1gga,2.4,Strong
n1ggah,2.8,Severe
n1ggahs,3,Severe
n1ggas,3,Severe
n1ggazes,3,Severe
n1gger,3,Severe
n1ggers,3,Severe
n1gguh,2.8,Severe
n3gro,2.4,Strong
negga,2.8,Severe
neggar,2.8,Severe
negr0,2.8,Severe
negro,2,Strong
negroes,2.6,Severe
negroid,2.6,Severe
niccer,2.6,Severe
nicka,2.6,Severe
nickas,2.8,Severe
nicker,3,Severe
nickk3r,3,Severe
nickker,3,Severe
nig,3,Severe
nig-nog,2.8,Severe
niga,2.6,Severe
nigah,2.8,Severe
nigasses,3,Severe
nigers,3,Severe
nigg@,2.8,Severe
nigg@hs,2.8,Severe
nigg@s,2.8,Severe
nigg@z,2.6,Severe
nigg@zzes,2.8,Severe
nigg3r,3,Severe
nigg3rs,3,Severe
nigg4h,3,Severe
nigg4hs,2.8,Severe
nigga,2.8,Severe
nigga lover,3,Severe
niggah,2.8,Severe
niggahs,2.2,Strong
niggahz,3,Severe
niggas,2.8,Severe
niggass,2.6,Severe
niggaz,2.2,Strong
niggazzes,2.8,Severe
nigger,3,Severe
nigger lover,3,Severe
niggers,3,Severe
niggerz,3,Severe
niggir,3,Severe
niggress,3,Severe
nigguh,2.8,Severe
nigguhs,3,Severe
nigguhz,3,Severe
niglet,3,Severe
nignigs,3,Severe
nignog,2.8,Severe
nigra,2.8,Severe
nigre,3,Severe
nigs,2.8,Severe
niguh,2.8,Severe
nikk3r,3,Severe
nikkas,3,Severe
nikker,2.8,Severe
nip,2,Strong
nob jockey,2.2,Strong
nob jokeys,1.8,Strong
nobbyhead,1.4,Mild
nobhead,1.6,Strong
nobheads,1.4,Mild
nobj0key,1.8,Strong
nobjockies,1.8,Strong
nobjocky,2.4,Strong
nobjokey,2,Strong
nobjokeys,1.8,Strong
nobs,1.2,Mild
nonce,1.4,Mild
nuckas,2.6,Severe
nuggets,1.2,Mild
nut butter,1.4,Mild
nutsack,1.8,Strong
nutsacks,1.6,Strong
nympho,1,Mild
nymphomaniac,1.4,Mild
octopussy,1.2,Mild
oven dodger,2,Strong
p3n1shead,1.8,Strong
p3nisfcker,3,Severe
p3nisfcukers,2.8,Severe
p3nisfvcker,2.8,Severe
p3nisfvckers,2.8,Severe
pack my fudge,2,Strong
packerfudgehead,2.2,Strong
packing fudge,2.4,Strong
packing fudgehead,1.8,Strong
packingfudge,2.4,Strong
packingfudgefucker,2.8,Severe
packingfudgefucking,2.4,Strong
packsomefudgefucker,2.4,Strong
paki,2.6,Severe
palm jockey,1.2,Mild
pancake face,1.6,Strong
pecker,1.4,Mild
peckerhead,1.6,Strong
pedo,2.2,Strong
pedobear,2,Strong
pedobears,2.2,Strong
pedophl,2.2,Strong
pedos,2.4,Strong
pedoz,2,Strong
peen,1,Mild
peener,1,Mild
penisfcker,3,Severe
penisfuccer,2.8,Severe
penisfucker,3,Severe
penisfuckers,3,Severe
penisfvcker,3,Severe
penisfvckers,2.8,Severe
penishead,1.4,Mild
peter,1,Mild
peter puffer,1.8,Strong
ph@ggots,2.8,Severe
phaggot,2.8,Severe
phaggots,3,Severe
phagot,3,Severe
phags,3,Severe
phuc,2,Strong
phucc,2,Strong
phuccer,2.2,Strong
phucchead,2,Strong
phuccing,1.8,Strong
phuck,2.2,Strong
phuck3r,1.8,Strong
phucked,2,Strong
phucker,2.2,Strong
phuckin,2,Strong
phucking,2.4,Strong
phuckings,2.4,Strong
phucks,2,Strong
phucup,1.8,Strong
phuk,2,Strong
phuked,2.2,Strong
phukeds,2,Strong
phukhead,2.4,Strong
phuking,2.2,Strong
phukings,2.2,Strong
phukk,1.8,Strong
phukked,2,Strong
phukkeds,2,Strong
phukker,2.2,Strong
Phukking,1.8,Strong
phuks,2.2,Strong
phukshit,2.2,Strong
phuku,2.2,Strong
phukup,1.8,Strong
phuq,2.2,Strong
phuqs,1.8,Strong
phvckings,2.2,Strong
pig fucker,2.8,Severe
pigfucker,2.6,Severe
pigfuckers,3,Severe
pigfucking,2.6,Severe
pigfukker,2.8,Severe
piggyfuck,3,Severe
pigshit,1.4,Mild
pillow biter,2.4,Strong
pillow-biter,1.6,Strong
piss face,1.4,Mild
piss off fuckhead,3,Severe
piss shit,1.4,Mild
pissoff,1.2,Mild
pissoffs,1.4,Mild
pole licker,2.2,Strong
pole smoker,2,Strong
pole sucker,1.8,Strong
polesmoker,2.2,Strong
porch monkey,3,Severe
prick,1,Mild
prick-face,1.2,Mild
prick-gobbler,2.2,Strong
prick-head,1.8,Strong
pricks,1,Mild
pu$sy,1.6,Strong
pu55y,1.6,Strong
pull the pud,1.2,Mild
punani,1.8,Strong
punk ass mofoes,2.8,Severe
punkasses,1.2,Mild
puss,1.4,Mild
pusses,1.4,Mild
pussie,2,Strong
pussies,1,Mild
pussless,2,Strong
pusslicker,2.2,Strong
pussy,1.4,Mild
pussy cat,1.4,Mild
pussy fucker,2.8,Severe
pussy lick,2.4,Strong
pussy licker,2.4,Strong
pussy licking,2.4,Strong
pussylickers,2.8,Severe
pussys,2,Strong
pussywhipped,1.8,Strong
puta,1.8,Strong
puussy,1.4,Mild
puzzies,1.4,Mild
puzzy,1.2,Mild
queerasses,3,Severe
queers,1.8,Strong
r3t@rd,2.8,Severe
r3t@rded,2.8,Severe
r3tard,2.6,Severe
raghead,3,Severe
ragheads,2.6,Severe
ragtard,3,Severe
ramrod,1,Mild
rat bastard,1.6,Strong
rat baztad,1.8,Strong
reacharound,1.2,Mild
rectum,1,Mild
redskin,2.2,Strong
retard,2.8,Severe
retardo,2.6,Severe
retardotron,1.8,Strong
rice monkey,3,Severe
rim job,2,Strong
s_h_i_,1.2,Mild
s_h_i_s,1,Mild
s-lut,1.8,Strong
s.o.b.,1.2,Mild
s.o.b.s,1.6,Strong
s/h/i/t,1,Mild
S&M,1,Mild
sack,1,Mild
salad tosser,2,Strong
sambo,2.2,Strong
sand nigger,3,Severe
sausage jockey,2.6,Severe
scamfuck,2.4,Strong
schlong,1,Mild
scumfuck,2.8,Severe
scumfucker,2.8,Severe
scumfvck,2.4,Strong
scummy,1.2,Mild
scut,1,Mild
sh! +,1.2,Mild
sh!+,1,Mild
sh1s,1,Mild
sh1t,1.2,Mild
sh1t3,1,Mild
sh1td1ck,2,Strong
sh1tdick,2.4,Strong
sh1te,1,Mild
sh1tfuck,2.6,Severe
sh1th3ad,2,Strong
sh1theads,2,Strong
sh1ts,1,Mild
sh1tsome,1.2,Mild
sh1tt,1,Mild
sh1tty,1.2,Mild
sh3mal3,2.6,Severe
sh3male,2.4,Strong
shat,1.2,Mild
she-male,2.8,Severe
sheeeet,1,Mild
sheet,1,Mild
sheister,2,Strong
shemal3,1.8,Strong
shemale,2.6,Severe
shemales,1.8,Strong
shet,1,Mild
shi+,1,Mild
shi+e,1,Mild
shi+y,1,Mild
shiat,1,Mild
shiddick,2,Strong
shiester,2,Strong
shiesterfuck,2.2,Strong
shiesterfuckface,2.8,Severe
shiesterfuckhead,2.2,Strong
shiesterfucks,2.4,Strong
shipdit,1.4,Mild
shit,1.2,Mild
shit face,1.8,Strong
shit for brains,1.6,Strong
shit fuck,2.4,Strong
shit fucker,2.8,Severe
shit head,1.8,Strong
shit licker,2,Strong
shit stain,1.8,Strong
shit-arse,1.6,Strong
shit-ass,2,Strong
shit-bandit,1.6,Strong
shit-fucker,2.6,Severe
shit-stuffers,1.8,Strong
shit3,1,Mild
shitass,2,Strong
shitasses,2,Strong
shitassfucker,2.6,Severe
shitassfuckface,2.8,Severe
shitbag,2,Strong
shitbird,1.8,Strong
shitblimp,1.6,Strong
shitblimps,1.6,Strong
shitbrain,2,Strong
shitd1ck,2,Strong
shitdick,2.4,Strong
shitdicks,2,Strong
shitdikk,2,Strong
shitdip,1.8,Strong
shite,1,Mild
shiteblimps,1.8,Strong
shited,1.2,Mild
shitedick,2,Strong
shitefuck,1.6,Strong
shitefulls,1.8,Strong
shitehead,1.8,Strong
shites,1,Mild
shitey,1.2,Mild
shitface,2,Strong
shitfaced,1.2,Mild
shitfacefuck,2.8,Severe
shitfacefucker,2.6,Severe
shitfck,2.4,Strong
shitfk,1.8,Strong
shitfreak,2,Strong
shitfuck,2.2,Strong
shitfucker,2.4,Strong
shitfuckhead,2.6,Severe
shitfuckmotherfucker,2.8,Severe
shitfucks,2.4,Strong
shitfudgefucker,2.6,Severe
shitfvck,2.2,Strong
shithead,1.8,Strong
shitheadfucker,2.8,Severe
shitheadfuckface,2.4,Strong
shitheads,1.8,Strong
shithole,1.8,Strong
shits,1,Mild
shitsdick,1.8,Strong
shitsfuck,2.2,Strong
shitsful,1,Mild
shittastic,1.2,Mild
shittasticfuck,2.2,Strong
shitte,1,Mild
shitted,1.2,Mild
shitter,1,Mild
shitterfucker,2.6,Severe
shitti,1,Mild
shitties,1,Mild
shittiest,1.2,Mild
shitting,1.4,Mild
shittings,1.2,Mild
shitty,1,Mild
shitty mofoes,1.6,Strong
shittydick,2,Strong
shittydicks,2,Strong
shittyfuck,1.8,Strong
shittyfuckface,2.2,Strong
shittyful,1.6,Strong
shlong,1,Mild
shmale,1.4,Mild
shtfuk,1.8,Strong
shut the fuck up,2.2,Strong
shylock,1.6,Strong
shytfeisterfuck,2.6,Severe
sissy,1,Mild
sixty-nine,1.2,Mild
sk@nks,1.6,Strong
sk@nky,1,Mild
sk@nkz,1.4,Mild
skank,1.8,Strong
skanks,1.2,Mild
skanky,1.4,Mild
skankz,1.6,Strong
sl@nteye,3,Severe
slag,1.6,Strong
slantard,2.8,Severe
slanteye,3,Severe
slanteye b1tch,2.6,Severe
slanteyes,3,Severe
slanteyeshit,3,Severe
slantfreak,2.6,Severe
slanty,2.6,Severe
slit,1.6,Strong
slut,2,Strong
slut hole,2.4,Strong
sluts,1.6,Strong
slutty,1.8,Strong
snatch,1,Mild
snatch licker,2.8,Severe
soab,1.6,Strong
son o bitch,1.6,Strong
son of a bitch,1.2,Mild
son-of-a-bitch,1.2,Mild
sonna bitch,1.2,Mild
sonofabitch,1.4,Mild
sonofbitches,1,Mild
sons of b1tches,1.6,Strong
sons of bitches,1.6,Strong
sons-of-bitches,1.4,Mild
sonz of bitchez,1.8,Strong
soppy bollucks,1.6,Strong
spanking,1,Mild
sperm,1,Mild
sphincter,1,Mild
spic,3,Severe
spicfuck,3,Severe
spick,2.8,Severe
spics,2.8,Severe
spicshit,3,Severe
spig,2.6,Severe
spik,3,Severe
spix,3,Severe
spook,3,Severe
spooks,2.6,Severe
spunk,1.2,Mild
stfu,1.8,Strong
stump chewer,1.4,Mild
stupid fucker,2.4,Strong
stupid hoe,2.4,Strong
stupidasses,1,Mild
suck,1,Mild
suck my cock,2.2,Strong
suck my d,1.8,Strong
suck my dick,2.2,Strong
suck off,1.8,Strong
sum of a bitch,1.4,Mild
sumbitch,1.6,Strong
swine,1,Mild
swine fucker,2.8,Severe
tacohead,2.4,Strong
tadger,1.4,Mild
taking the piss,1,Mild
tallywacker,1.2,Mild
tar-baby,2.6,Severe
tard,2.8,Severe
tard asses,3,Severe
tart,1.2,Mild
throat yogurt,1.8,Strong
throater,2.4,Strong
tickle the pickle,1.2,Mild
timber nigger,3,Severe
tits,1,Mild
tongue fucker,2.4,Strong
tongue fucking,2.8,Severe
tosser,1.2,Mild
tossing salad,1.8,Strong
towelhead,3,Severe
towelheads,3,Severe
towelshithead,2.6,Severe
tramp,1.6,Strong
Tranny,2.8,Severe
transvestite,2.4,Strong
trashb1tch,1.8,Strong
trashbitch,2,Strong
trashbitches,1.4,Mild
trashbitchez,1.2,Mild
trashbtch,1.4,Mild
trasherbitch,1.4,Mild
trasherbitchs,1.2,Mild
trashybitches,1.8,Strong
trouser snake,1,Mild
trousersnake,1.4,Mild
turdcutter,1.6,Strong
turdhead,1.6,Strong
tw@t,1.8,Strong
twa+,1.2,Mild
twat,1.8,Strong
twat waffle,2,Strong
twatface,2.4,Strong
twats,1.6,Strong
twatt,1.6,Strong
twattish,1.6,Strong
twatzilla,2,Strong
twink,1.2,Mild
upskirts,1.4,Mild
useless fucker,2.6,Severe
vag,1.2,Mild
vajayjay,1.2,Mild
vulva,1,Mild
w@nker,1.2,Mild
w@nkers,1,Mild
w4nk3r,1.6,Strong
w4nker,1,Mild
wang,1.4,Mild
wang wrangler,2,Strong
wank,1,Mild
wank off,1,Mild
wank3r,1,Mild
wank3rs,1,Mild
wankbastard,1.8,Strong
wanked,1.2,Mild
wanker,1,Mild
wankers,1,Mild
wankies,1.6,Strong
wanking,1,Mild
wanks,1,Mild
we1back,2.6,Severe
weenie,1,Mild
weiner,1,Mild
wet back,2.8,Severe
wetback,3,Severe
wetbacks,2.6,Severe
wh0r3,2,Strong
wh0re,2,Strong
whack off,1.2,Mild
what the fuck,2.2,Strong
whoar,1.8,Strong
whoars,2,Strong
whor3,1.8,Strong
whore,1.8,Strong
whores,2,Strong
wigger,2.6,Severe
willy-whacker,1.8,Strong
window licker,1.8,Strong
wise ass,1,Mild
wnker,1,Mild
wop,2.4,Strong
wophead,2.2,Strong
zip in the wire,1.4,Mild
zipperhead,2.4,Strong