Profanity,Rating1,Rating2,Rating3,Rating4,Rating5,RoundAverage,SeverityDescription
69,1,1,1,1,1,1,Mild
@55,1,1,1,1,1,1,Mild
0ral seks,1,1,1,1,1,1,Mild
0rg@sm,1,1,1,1,1,1,Mild
0rgasms,1,1,1,1,1,1,Mild
4r5e,1,2,2,1,1,1,Mild
4r5ed,1,1,1,3,1,1,Mild
4r5es,3,1,1,1,1,1,Mild
4skin,1,1,1,1,1,1,Mild
5h17,1,1,1,1,1,1,Mild
5h1t,1,1,1,1,1,1,Mild
a_s_s,1,1,1,1,1,1,Mild
abbie,1,2,1,1,1,1,Mild
aboe,1,1,1,1,1,1,Mild
anal,1,1,1,1,1,1,Mild
anus,1,1,1,1,1,1,Mild
apeshit,1,2,1,2,1,1,Mild
apeshite,3,1,1,1,1,1,Mild
ar5e,1,1,1,1,1,1,Mild
ar5ehole,1,2,2,1,1,1,Mild
arse,1,1,1,1,1,1,Mild
arse hole,1,1,2,1,1,1,Mild
arsehole,1,2,1,2,1,1,Mild
arsewipe,2,1,1,2,1,1,Mild
ass,1,1,1,1,1,1,Mild
ass hole,2,1,1,1,1,1,Mild
ass kisser,1,2,1,1,1,1,Mild
asses,1,1,1,1,1,1,Mild
asshat,1,1,1,2,1,1,Mild
asshole,1,1,2,1,1,1,Mild
asswhole,2,1,2,1,1,1,Mild
axe wound,2,1,1,1,1,1,Mild
azz,1,1,1,1,1,1,Mild
b to the inch,1,1,1,2,1,1,Mild
b！tch,2,1,1,2,1,1,Mild
b00bz,1,1,1,1,1,1,Mild
b0llock,1,1,1,1,1,1,Mild
b0llocks,2,1,1,1,1,1,Mild
b1+ch,1,1,1,1,1,1,Mild
b17ch,1,1,2,2,1,1,Mild
b1otch,1,1,1,2,2,1,Mild
b1otchs,1,1,1,1,2,1,Mild
b1tch,1,2,1,1,2,1,Mild
b1tch1ng,1,1,1,2,1,1,Mild
b1tch35,1,1,1,1,1,1,Mild
b1tch3s,2,1,1,1,2,1,Mild
b1tchees,1,1,3,1,1,1,Mild
b1tches,1,2,1,1,2,1,Mild
b1tchez,1,2,1,1,1,1,Mild
b1tchin,1,1,1,1,2,1,Mild
b1tching,2,1,1,1,1,1,Mild
b1tchs,1,1,2,2,1,1,Mild
b1tchy,1,1,2,1,1,1,Mild
baby batter,1,1,2,1,2,1,Mild
ballbag,1,1,1,1,1,1,Mild
bassturd,1,2,1,1,1,1,Mild
bastard,1,1,1,1,2,1,Mild
bastardish,1,1,1,1,1,1,Mild
basterd,1,1,1,1,1,1,Mild
bastid,1,2,1,1,1,1,Mild
basturd,1,1,1,1,2,1,Mild
bates,1,1,1,1,1,1,Mild
batshit,1,1,1,1,1,1,Mild
batshite,1,1,1,2,1,1,Mild
bbc,1,1,2,2,1,1,Mild
beat my meat,1,1,1,1,2,1,Mild
beat off,1,1,2,1,1,1,Mild
beat the meat,1,1,1,3,1,1,Mild
beat your meat,1,2,2,1,1,1,Mild
beeotch,1,1,1,1,1,1,Mild
bell end,1,1,1,1,1,1,Mild
bellend,1,2,1,1,1,1,Mild
bewbs,1,1,1,1,1,1,Mild
beyoch,1,1,2,1,1,1,Mild
beyotch,1,1,1,2,1,1,Mild
bi + ch,1,2,1,1,1,1,Mild
bi+ch,1,2,2,1,1,1,Mild
biatch,1,2,1,1,1,1,Mild
biches,2,1,1,1,2,1,Mild
biotch,1,1,1,1,1,1,Mild
biotches,1,2,1,1,1,1,Mild
biotchez,1,1,1,2,2,1,Mild
bishes,2,1,1,1,1,1,Mild
bitch,2,1,2,1,1,1,Mild
bitch3s,1,1,2,1,1,1,Mild
bitched,1,2,1,1,1,1,Mild
bitcher,1,1,2,1,2,1,Mild
bitchers,1,1,2,1,2,1,Mild
bitchez,1,2,2,1,1,1,Mild
bitchin,1,1,1,2,1,1,Mild
bitchin',1,1,1,1,1,1,Mild
bitching,1,1,1,1,1,1,Mild
bitchlike,2,1,1,1,1,1,Mild
bitchs,1,1,1,1,1,1,Mild
bitchslap,1,1,1,1,1,1,Mild
bitchy,2,1,1,1,1,1,Mild
blowjob,1,2,1,1,1,1,Mild
boll0ck,1,1,1,1,1,1,Mild
bollock,1,1,1,1,1,1,Mild
bollockchops,2,1,1,1,1,1,Mild
bollocks,1,1,2,1,1,1,Mild
bollocktician,1,1,1,2,2,1,Mild
bollox,1,1,1,1,1,1,Mild
bondage,1,1,1,1,1,1,Mild
boner,1,1,1,1,1,1,Mild
boobs,1,1,1,1,1,1,Mild
booty,1,1,1,1,1,1,Mild
breasticles,1,2,1,2,1,1,Mild
breasts,1,1,1,1,1,1,Mild
bugger,1,1,1,2,1,1,Mild
bugger off,1,1,1,1,1,1,Mild
bull shit,1,1,1,1,1,1,Mild
bullshi,1,1,1,1,1,1,Mild
bullshit,2,1,1,1,1,1,Mild
bullshite,1,1,1,1,1,1,Mild
bumhole,1,1,1,1,1,1,Mild
bung hole,1,1,1,1,1,1,Mild
butt hole,1,1,1,1,1,1,Mild
buttermilk,2,1,1,1,2,1,Mild
butthole,1,2,1,1,1,1,Mild
bwc,3,1,1,1,1,1,Mild
c0ck,1,2,1,1,1,1,Mild
c0x,2,1,1,2,1,1,Mild
caaak,1,1,1,3,1,1,Mild
caca,1,1,1,1,1,1,Mild
cack,1,1,1,1,2,1,Mild
cagone,1,1,2,1,1,1,Mild
cajones,1,1,1,1,1,1,Mild
cameltoe,1,2,1,1,1,1,Mild
cawk,1,1,2,1,2,1,Mild
cawks,1,1,1,1,2,1,Mild
chesticles,1,1,1,1,1,1,Mild
choke the chicken,2,1,1,2,1,1,Mild
cock,1,2,1,1,2,1,Mild
cockless,1,2,2,1,1,1,Mild
coot coot,1,1,1,3,1,1,Mild
cooter,1,1,2,1,1,1,Mild
cooties,1,1,1,1,1,1,Mild
crazy mofos,1,2,2,1,1,1,Mild
crazy sob,3,1,1,1,1,1,Mild
crotch,1,1,1,1,1,1,Mild
crotchy,1,1,2,2,1,1,Mild
crow,1,1,1,1,1,1,Mild
crows,1,3,1,1,1,1,Mild
cums,1,2,1,2,1,1,Mild
d!ck,1,1,1,1,1,1,Mild
d!cks,1,1,1,1,1,1,Mild
d!ld0,1,1,1,2,2,1,Mild
d!ldo,2,1,2,1,1,1,Mild
d1ck,1,1,1,1,1,1,Mild
d1cks,1,1,1,2,2,1,Mild
d1ckz,1,1,1,1,1,1,Mild
d1ldo,1,1,1,1,3,1,Mild
dickless,1,2,1,2,1,1,Mild
dicks,1,1,1,1,1,1,Mild
dickz,1,1,2,1,1,1,Mild
diddle,1,1,1,1,1,1,Mild
diks,1,1,1,1,2,1,Mild
dild0,1,1,1,1,1,1,Mild
dipshat,2,1,1,1,1,1,Mild
dipshit,2,2,1,1,1,1,Mild
dipstick,1,1,1,1,2,1,Mild
dix,1,1,1,1,1,1,Mild
dlck,1,2,1,1,1,1,Mild
dlcks,1,1,1,1,1,1,Mild
dog shit,1,1,1,2,1,1,Mild
dog's bollocks,1,1,1,2,1,1,Mild
doggo style,2,1,1,1,1,1,Mild
doggy style,1,2,1,1,2,1,Mild
doggy_style,3,1,1,1,1,1,Mild
dogie style,1,1,1,1,1,1,Mild
dogsh1t,2,1,1,1,1,1,Mild
dogsh1ts,1,1,1,1,1,1,Mild
dogshit,1,1,1,1,1,1,Mild
dogshits,2,1,1,2,1,1,Mild
dogstyle,1,1,1,1,1,1,Mild
dolt,1,1,1,1,1,1,Mild
dong,2,1,1,1,1,1,Mild
doosh,1,2,1,2,1,1,Mild
double pen,2,1,1,1,1,1,Mild
double-dong,2,1,1,1,2,1,Mild
douche,1,1,1,1,1,1,Mild
douche bag,1,1,1,1,1,1,Mild
douche canoe,1,2,2,1,1,1,Mild
douchebag,2,1,2,1,1,1,Mild
dumasses,1,1,1,1,1,1,Mild
dumb bastard,1,1,2,1,1,1,Mild
dumb@ss,1,2,1,1,1,1,Mild
dumbarrassed,2,2,1,1,1,1,Mild
dumbass,1,2,1,2,1,1,Mild
dumbasses,1,1,1,1,1,1,Mild
fack,1,1,3,1,1,1,Mild
fatass,2,1,1,1,1,1,Mild
fatasses,1,1,1,2,1,1,Mild
finger,1,1,1,1,1,1,Mild
fingerpop,3,1,1,1,1,1,Mild
forked,1,1,1,1,1,1,Mild
fugly,1,1,1,2,2,1,Mild
full of shit,1,1,1,1,1,1,Mild
funbags,1,1,1,1,1,1,Mild
g0ddamn,1,2,1,1,1,1,Mild
g0ddamnit,1,1,1,1,1,1,Mild
gayest,1,1,1,1,1,1,Mild
gayness,1,1,3,1,1,1,Mild
girlieboy,1,1,3,1,1,1,Mild
girly bits,1,1,1,1,1,1,Mild
girlyboy,1,1,1,1,3,1,Mild
go to hell,1,1,1,1,1,1,Mild
god damn,1,1,1,1,3,1,Mild
god damned,2,1,1,1,1,1,Mild
god-dam,1,2,1,1,1,1,Mild
god-damned,1,1,2,1,2,1,Mild
godd@amn,1,3,1,1,1,1,Mild
godd@mnit,2,1,1,1,2,1,Mild
goddammit,1,1,1,1,1,1,Mild
goddamn son-of-a-bitch,1,1,1,2,2,1,Mild
greaser,1,1,1,1,1,1,Mild
groper,1,1,2,2,1,1,Mild
hooters,1,1,1,1,1,1,Mild
horse shit,2,1,1,1,1,1,Mild
horse's asses,2,1,1,2,1,1,Mild
horseshit,1,2,1,1,1,1,Mild
hustler,1,1,1,1,1,1,Mild
j-offs,1,2,1,2,1,1,Mild
j3rk,1,1,1,1,1,1,Mild
ja!lbait,1,1,1,1,1,1,Mild
ja1lbait,1,1,1,1,1,1,Mild
Jack off,1,2,1,1,2,1,Mild
jack-off,2,1,1,1,1,1,Mild
jack-offs,1,2,1,1,2,1,Mild
jackarse,1,1,1,1,1,1,Mild
jackass,1,1,1,1,1,1,Mild
jackasses,1,1,1,1,1,1,Mild
jackasss,1,1,2,1,1,1,Mild
jackoffs,1,1,1,2,1,1,Mild
jagoff,1,1,1,1,1,1,Mild
jailbait,1,1,1,1,1,1,Mild
jerk off,1,1,1,1,1,1,Mild
jerk-0ff,1,1,1,2,1,1,Mild
jerk-0ffs,1,1,2,2,1,1,Mild
jerk-off,1,2,1,1,1,1,Mild
jerk-offs,1,1,1,1,1,1,Mild
jerking off,1,1,1,1,1,1,Mild
jerkoff jerking off,1,1,1,1,2,1,Mild
jerkoffs,1,1,2,1,1,1,Mild
jerks off,1,2,1,2,1,1,Mild
jim crow,3,1,1,1,1,1,Mild
kiss ass,1,1,1,1,1,1,Mild
klitoris,1,1,1,1,1,1,Mild
knob,1,1,1,3,1,1,Mild
knob3nd,1,2,1,1,1,1,Mild
knobd,1,1,1,2,1,1,Mild
knobe,1,1,1,1,1,1,Mild
knobead,2,1,1,1,2,1,Mild
knobeads,2,1,2,1,1,1,Mild
knobed,1,2,1,2,1,1,Mild
knobend,1,1,2,1,1,1,Mild
knobends,1,1,1,3,1,1,Mild
knobendz,2,1,1,2,1,1,Mild
knober,1,1,1,1,1,1,Mild
knobes,2,1,1,1,1,1,Mild
l3i + ch,2,1,1,1,1,1,Mild
l3i+ch,2,1,1,1,1,1,Mild
l3itch,1,2,2,1,1,1,Mild
l3itches,1,1,2,1,1,1,Mild
ladboys,1,1,3,1,1,1,Mild
ladboyz,1,1,3,1,1,1,Mild
ladyboyz,1,1,1,3,1,1,Mild
loose woman,2,1,1,2,1,1,Mild
m@asterbated,1,2,1,2,1,1,Mild
man chowder,1,1,1,1,1,1,Mild
man meat,1,1,1,2,1,1,Mild
man seed,1,1,1,1,1,1,Mild
meat-sword,1,1,1,2,1,1,Mild
muff,2,1,2,1,1,1,Mild
mushroom tip,1,3,1,1,1,1,Mild
nobbyhead,1,1,1,2,2,1,Mild
nobheads,1,1,1,1,3,1,Mild
nobs,1,1,2,1,1,1,Mild
nonce,3,1,1,1,1,1,Mild
nuggets,1,1,1,1,2,1,Mild
nut butter,1,1,2,1,2,1,Mild
nympho,1,1,1,1,1,1,Mild
nymphomaniac,2,2,1,1,1,1,Mild
octopussy,1,1,1,1,2,1,Mild
palm jockey,2,1,1,1,1,1,Mild
pecker,1,1,1,3,1,1,Mild
peen,1,1,1,1,1,1,Mild
peener,1,1,1,1,1,1,Mild
penishead,1,2,1,1,2,1,Mild
peter,1,1,1,1,1,1,Mild
pigshit,2,1,1,1,2,1,Mild
piss face,2,1,1,1,2,1,Mild
piss shit,2,1,1,1,2,1,Mild
pissoff,1,1,1,1,2,1,Mild
pissoffs,1,1,2,1,2,1,Mild
prick,1,1,1,1,1,1,Mild
prick-face,2,1,1,1,1,1,Mild
pricks,1,1,1,1,1,1,Mild
pull the pud,1,1,2,1,1,1,Mild
punkasses,1,1,1,1,2,1,Mild
puss,1,3,1,1,1,1,Mild
pusses,1,1,1,3,1,1,Mild
pussies,1,1,1,1,1,1,Mild
pussy,2,1,2,1,1,1,Mild
pussy cat,1,1,1,1,3,1,Mild
puussy,1,2,1,2,1,1,Mild
puzzies,1,1,2,1,2,1,Mild
puzzy,1,1,1,1,2,1,Mild
ramrod,1,1,1,1,1,1,Mild
reacharound,2,1,1,1,1,1,Mild
rectum,1,1,1,1,1,1,Mild
s_h_i_,1,2,1,1,1,1,Mild
s_h_i_s,1,1,1,1,1,1,Mild
s.o.b.,1,1,2,1,1,1,Mild
s/h/i/t,1,1,1,1,1,1,Mild
S&M,1,1,1,1,1,1,Mild
sack,1,1,1,1,1,1,Mild
schlong,1,1,1,1,1,1,Mild
scummy,1,2,1,1,1,1,Mild
scut,1,1,1,1,1,1,Mild
sh! +,1,1,1,2,1,1,Mild
sh!+,1,1,1,2,1,1,Mild
sh!+,1,1,1,1,1,1,Mild
sh1s,1,1,1,1,1,1,Mild
sh1t,1,1,1,2,1,1,Mild
sh1t3,1,1,1,1,1,1,Mild
sh1te,1,1,1,1,1,1,Mild
sh1ts,1,1,1,1,1,1,Mild
sh1tsome,1,1,1,2,1,1,Mild
sh1tt,1,1,1,1,1,1,Mild
sh1tty,1,1,1,2,1,1,Mild
shat,1,2,1,1,1,1,Mild
sheeeet,1,1,1,1,1,1,Mild
sheet,1,1,1,1,1,1,Mild
shet,1,1,1,1,1,1,Mild
shi+,1,1,1,1,1,1,Mild
shi+e,1,1,1,1,1,1,Mild
shi+y,1,1,1,1,1,1,Mild
shiat,1,1,1,1,1,1,Mild
shipdit,1,1,2,2,1,1,Mild
shit,1,1,1,1,2,1,Mild
shit3,1,1,1,1,1,1,Mild
shite,1,1,1,1,1,1,Mild
shited,1,1,1,1,2,1,Mild
shites,1,1,1,1,1,1,Mild
shitey,1,2,1,1,1,1,Mild
shitfaced,1,2,1,1,1,1,Mild
shits,1,1,1,1,1,1,Mild
shitsful,1,1,1,1,1,1,Mild
shittastic,2,1,1,1,1,1,Mild
shitte,1,1,1,1,1,1,Mild
shitted,1,2,1,1,1,1,Mild
shitter,1,1,1,1,1,1,Mild
shitti,1,1,1,1,1,1,Mild
shitties,1,1,1,1,1,1,Mild
shittiest,2,1,1,1,1,1,Mild
shitting,1,2,1,1,2,1,Mild
shittings,1,1,2,1,1,1,Mild
shitty,1,1,1,1,1,1,Mild
shlong,1,1,1,1,1,1,Mild
shmale,2,1,2,1,1,1,Mild
sissy,1,1,1,1,1,1,Mild
sixty-nine,1,1,1,2,1,1,Mild
sk@nky,1,1,1,1,1,1,Mild
sk@nkz,1,1,2,1,2,1,Mild
skanks,1,1,1,1,2,1,Mild
skanky,1,1,1,2,2,1,Mild
snatch,1,1,1,1,1,1,Mild
son of a bitch,1,1,2,1,1,1,Mild
son-of-a-bitch,1,1,2,1,1,1,Mild
sonna bitch,1,1,2,1,1,1,Mild
sonofabitch,2,1,1,2,1,1,Mild
sonofbitches,1,1,1,1,1,1,Mild
sons-of-bitches,2,1,1,2,1,1,Mild
spanking,1,1,1,1,1,1,Mild
sperm,1,1,1,1,1,1,Mild
sphincter,1,1,1,1,1,1,Mild
spunk,1,1,1,1,2,1,Mild
stump chewer,2,1,1,2,1,1,Mild
stupidasses,1,1,1,1,1,1,Mild
suck,1,1,1,1,1,1,Mild
sum of a bitch,1,1,2,2,1,1,Mild
swine,1,1,1,1,1,1,Mild
tadger,1,1,1,2,2,1,Mild
taking the piss,1,1,1,1,1,1,Mild
tallywacker,1,1,1,2,1,1,Mild
tart,1,1,2,1,1,1,Mild
tickle the pickle,1,1,1,2,1,1,Mild
tits,1,1,1,1,1,1,Mild
tosser,1,1,1,2,1,1,Mild
trashbitches,1,3,1,1,1,1,Mild
trashbitchez,1,1,1,2,1,1,Mild
trashbtch,1,1,3,1,1,1,Mild
trasherbitch,2,1,2,1,1,1,Mild
trasherbitchs,1,1,1,2,1,1,Mild
trouser snake,1,1,1,1,1,1,Mild
trousersnake,3,1,1,1,1,1,Mild
twa+,1,1,2,1,1,1,Mild
twink,2,1,1,1,1,1,Mild
upskirts,1,1,1,2,2,1,Mild
vag,1,1,2,1,1,1,Mild
vajayjay,1,1,1,1,2,1,Mild
vulva,1,1,1,1,1,1,Mild
w@nker,1,1,2,1,1,1,Mild
w@nkers,1,1,1,1,1,1,Mild
w4nker,1,1,1,1,1,1,Mild
wang,1,3,1,1,1,1,Mild
wank,1,1,1,1,1,1,Mild
wank off,1,1,1,1,1,1,Mild
wank3r,1,1,1,1,1,1,Mild
wank3rs,1,1,1,1,1,1,Mild
wanked,1,1,1,1,2,1,Mild
wanker,1,1,1,1,1,1,Mild
wankers,1,1,1,1,1,1,Mild
wanking,1,1,1,1,1,1,Mild
wanks,1,1,1,1,1,1,Mild
weenie,1,1,1,1,1,1,Mild
weiner,1,1,1,1,1,1,Mild
whack off,1,2,1,1,1,1,Mild
wise ass,1,1,1,1,1,1,Mild
wnker,1,1,1,1,1,1,Mild
zip in the wire,3,1,1,1,1,1,Mild
@ssfvcker,3,2,3,2,2,2,Strong
@sshole,2,1,2,1,2,2,Strong
0ral sex,1,1,3,3,1,2,Strong
3jakulating,2,1,2,1,2,2,Strong
5kank,3,1,2,2,2,2,Strong
abeed,3,1,1,3,1,2,Strong
anal hole,3,3,2,2,1,2,Strong
anal hore,2,2,3,2,3,2,Strong
anal pirate,2,2,2,3,2,2,Strong
analingus,1,1,1,2,3,2,Strong
analplug,2,2,3,2,2,2,Strong
analplugs,2,2,1,2,3,2,Strong
anilingus,1,3,1,2,2,2,Strong
anus plug,3,1,2,2,2,2,Strong
ape shit,1,1,1,2,3,2,Strong
ape shite,3,1,2,1,1,2,Strong
arse gobbler,2,2,2,3,1,2,Strong
arse-bandit,3,2,2,1,2,2,Strong
arse-bandits,1,3,2,3,2,2,Strong
arse-hole,2,2,2,2,1,2,Strong
arse-shagger,2,1,3,3,3,2,Strong
arseshit,2,1,2,2,2,2,Strong
ashole,2,1,2,2,1,2,Strong
ass bandit,1,2,2,2,1,2,Strong
ass licking,1,2,2,1,2,2,Strong
ass muncher,3,3,1,2,2,2,Strong
ass-bandit,2,2,3,1,1,2,Strong
ass-hole,2,2,2,2,2,2,Strong
assface,1,2,1,2,2,2,Strong
assfk,2,2,3,2,2,2,Strong
assfker,2,2,2,3,2,2,Strong
assfkr,2,3,2,2,2,2,Strong
assfuccer,2,3,2,2,2,2,Strong
assfuckerz,2,2,2,3,3,2,Strong
assfukah,2,3,3,2,2,2,Strong
asshol3,1,2,2,2,2,2,Strong
assholes,2,1,2,1,2,2,Strong
assmunch,1,1,2,2,3,2,Strong
assmuncher,2,2,3,2,2,2,Strong
asswipe,1,2,2,2,1,2,Strong
azzhole,1,1,2,2,2,2,Strong
b! ltak,1,3,2,1,1,2,Strong
b！tch,2,2,1,1,2,2,Strong
bangbros,1,2,2,2,1,2,Strong
bastards,1,3,1,2,1,2,Strong
bastinado,3,1,1,2,2,2,Strong
bater,2,2,1,1,2,2,Strong
bean queen,3,3,1,3,1,2,Strong
bender,3,1,1,2,1,2,Strong
bitchass,1,1,2,1,3,2,Strong
bitchasses,1,1,2,2,3,2,Strong
bitches,2,2,1,2,1,2,Strong
bitchfuck,3,2,3,2,2,2,Strong
bitchhole,2,3,3,2,2,2,Strong
bitchness,1,2,1,2,2,2,Strong
bitchtits,2,3,2,2,2,2,Strong
bitchy ass,2,2,2,2,1,2,Strong
bizzach,1,2,1,2,2,2,Strong
BJ,1,1,2,1,3,2,Strong
blacky,3,3,3,1,2,2,Strong
blow a load,1,2,2,1,2,2,Strong
blow job,3,2,3,1,1,2,Strong
blumpkin boy,1,2,3,3,3,2,Strong
bonk juice,1,2,1,3,1,2,Strong
bum-bandits,1,2,2,1,3,2,Strong
butt fuck,2,2,2,2,3,2,Strong
butt pirate,3,1,3,2,2,2,Strong
butt-fucker,2,2,2,2,3,2,Strong
butt-munchers,2,1,2,3,2,2,Strong
buttfuck,3,2,2,1,3,2,Strong
c0ckhead,2,2,2,2,2,2,Strong
c0cks,1,2,2,2,1,2,Strong
c0cksuccer,2,2,2,2,2,2,Strong
c0cksucked,2,2,2,2,2,2,Strong
c0cksucker,2,2,2,2,3,2,Strong
c0cksuckers,2,3,2,2,2,2,Strong
c0xux0r,2,2,2,2,1,2,Strong
carpet muncher,3,1,3,2,3,2,Strong
carpetmunchers,1,3,1,3,3,2,Strong
carpetmunching,2,1,2,1,2,2,Strong
cawk muncher,3,2,3,2,2,2,Strong
cawkmuncher,2,2,2,2,3,2,Strong
china-virus,1,3,3,1,3,2,Strong
choad nectar,1,3,3,2,1,2,Strong
chocha,2,3,1,3,3,2,Strong
cholo,1,1,1,3,2,2,Strong
clitlickers,2,2,1,2,3,2,Strong
clusterfuck,2,1,1,2,3,2,Strong
clusterfucked,2,1,3,3,2,2,Strong
clusterfucker,2,2,3,2,3,2,Strong
clusterfucking,2,2,1,3,2,2,Strong
clusterfucks,2,2,2,3,1,2,Strong
cobb knobbler,2,1,2,2,2,2,Strong
cock droplets,3,2,3,2,2,2,Strong
cock head,2,2,2,2,2,2,Strong
cock jockey,3,2,2,2,3,2,Strong
cock knocker,1,2,2,2,2,2,Strong
cock licker,2,2,2,2,2,2,Strong
cock munch,2,2,2,2,2,2,Strong
cock rider,3,2,2,3,2,2,Strong
cock smoker,2,2,3,2,2,2,Strong
cock snot,2,2,2,3,2,2,Strong
cock suck,2,2,2,2,1,2,Strong
cock sucker,2,2,3,2,3,2,Strong
cock sucking,3,2,2,2,2,2,Strong
cock tease,3,1,1,2,2,2,Strong
cock-face,3,2,2,2,2,2,Strong
cock-gobbler,2,3,2,3,2,2,Strong
cock-head,2,2,2,2,1,2,Strong
cock-sucker,2,2,2,2,2,2,Strong
cock-suckers,2,2,2,2,2,2,Strong
cockboy,3,2,2,3,2,2,Strong
cockeater,2,2,2,2,3,2,Strong
cockface,2,2,1,3,2,2,Strong
cockgobbler,2,2,1,2,2,2,Strong
cockh3ad,2,3,2,2,3,2,Strong
cockhead,1,2,2,2,2,2,Strong
cockheads,2,2,2,3,3,2,Strong
cockhed,2,2,2,2,2,2,Strong
cocklicker,2,3,2,2,2,2,Strong
cockmonger,2,2,2,3,2,2,Strong
cockmunch,2,3,2,2,2,2,Strong
cockmuncher,2,2,1,2,2,2,Strong
cocks,1,2,1,2,2,2,Strong
cockshit,2,2,2,3,2,2,Strong
cockskin,2,1,2,2,2,2,Strong
cocksmoker,2,2,2,3,2,2,Strong
cocksucc,2,3,2,2,1,2,Strong
cocksuccas,2,3,2,2,2,2,Strong
cocksuccer,3,2,2,2,2,2,Strong
cocksuccers,2,2,2,2,3,2,Strong
cocksuck,2,3,2,2,2,2,Strong
cocksuckas,2,3,2,3,2,2,Strong
cocksucked,2,2,2,2,2,2,Strong
cocksucker,2,2,3,2,2,2,Strong
cocksuckers,2,2,2,2,3,2,Strong
cocksucking,2,3,2,2,3,2,Strong
cocksucks,3,2,2,2,2,2,Strong
cocksuk,2,2,2,2,2,2,Strong
cocksuka,2,2,2,2,2,2,Strong
cocksukka,2,3,2,2,2,2,Strong
cocsuck,2,2,2,1,3,2,Strong
cokmuncher,2,1,3,2,3,2,Strong
coksucka,2,2,2,1,2,2,Strong
coolie,1,1,3,3,1,2,Strong
cooni3s,2,3,2,3,2,2,Strong
coot,1,1,1,3,2,2,Strong
cooterpuffing,3,3,2,2,2,2,Strong
creampie,1,3,3,3,1,2,Strong
crotch fiddler,2,2,2,2,3,2,Strong
cuksuker,3,3,2,2,2,2,Strong
cuksukka,2,3,2,2,2,2,Strong
cum goon,3,1,2,2,2,2,Strong
cumball,2,3,2,2,3,2,Strong
cumming,2,2,1,1,2,2,Strong
cumz,1,2,2,3,2,2,Strong
cunnilingus,1,1,3,2,3,2,Strong
cuntbollock,2,1,3,3,2,2,Strong
cuntelope,2,3,2,2,3,2,Strong
cuntlicker,2,2,3,2,3,2,Strong
cyberfck,3,2,2,2,2,2,Strong
cyberfcks,3,2,2,3,2,2,Strong
cyberfuccs,3,2,2,2,2,2,Strong
cyberfucks,2,2,3,2,2,2,Strong
cyberfucs,2,2,3,2,1,2,Strong
cyberfukk,2,2,2,2,2,2,Strong
cyberfukks,2,2,2,3,2,2,Strong
cyberfvcks,3,2,2,2,2,2,Strong
d0ggy style,3,1,2,1,2,2,Strong
d1ckhead,1,2,2,2,2,2,Strong
d1ckheads,2,2,2,2,1,2,Strong
d1cksucker,2,2,2,2,1,2,Strong
d1cksukka,2,3,2,1,2,2,Strong
dafuq,2,2,2,3,2,2,Strong
dago,3,1,1,3,3,2,Strong
darkfuck,1,2,3,3,3,2,Strong
dick breath,3,2,2,2,1,2,Strong
dick face,2,2,2,1,2,2,Strong
dick head,2,1,2,2,2,2,Strong
dick licker,2,3,3,2,2,2,Strong
dick milker,2,2,3,2,2,2,Strong
dick nibbler,3,3,2,2,2,2,Strong
dick smoker,3,1,3,3,2,2,Strong
dick sucker,2,2,3,2,2,2,Strong
dick-face,2,2,1,2,2,2,Strong
dick-gobbler,2,2,2,2,1,2,Strong
dick-head,1,2,2,2,2,2,Strong
dickface,2,2,2,2,2,2,Strong
dickhead,2,2,2,2,2,2,Strong
dickheads,2,2,2,1,1,2,Strong
dickjockies,1,2,3,2,3,2,Strong
dicklicker,3,2,2,1,3,2,Strong
dickmuncher,3,2,1,2,2,2,Strong
dickskin,3,2,2,1,1,2,Strong
dickslapper,2,2,2,1,2,2,Strong
dicksucker,2,3,2,2,2,2,Strong
dickvag,1,2,2,1,2,2,Strong
dikhead,1,2,2,2,1,2,Strong
dipsh1t,2,2,1,1,2,2,Strong
dipsh1tty,1,2,2,1,2,2,Strong
dipshidiot,2,2,2,1,1,2,Strong
dipshite,2,2,2,1,1,2,Strong
dipshits,2,1,1,3,1,2,Strong
dipshitter,1,2,2,1,2,2,Strong
dipshitty,1,2,2,2,2,2,Strong
dirty sanchez,1,3,3,2,3,2,Strong
double dick,1,2,2,1,2,2,Strong
double dicking,2,2,2,3,2,2,Strong
dumb fucker,2,2,2,2,2,2,Strong
dumbass mofoes,3,3,1,3,2,2,Strong
dumbass son-of-a-bitch,1,2,1,3,2,2,Strong
dumbfucks,2,2,3,2,2,2,Strong
dumbshit,1,2,2,1,2,2,Strong
dump a load,3,1,1,1,2,2,Strong
erectoplasm,1,1,2,2,3,2,Strong
f_u_c_k,2,2,3,2,2,2,Strong
f'ed,2,1,1,3,2,2,Strong
f'er,2,1,2,1,2,2,Strong
f@ck,2,2,1,2,1,2,Strong
f@cker bunny,2,2,2,3,2,2,Strong
f@k,2,2,1,2,2,2,Strong
f0ck,3,2,1,2,2,2,Strong
f0cked,2,2,2,2,2,2,Strong
f0cker,2,2,3,3,2,2,Strong
f0ckers,3,1,2,2,3,2,Strong
fackuhs,1,3,1,2,3,2,Strong
fart-fucker,2,3,2,2,2,2,Strong
fccuker,2,2,2,2,2,2,Strong
fck,3,2,2,3,2,2,Strong
fck you,2,2,2,3,2,2,Strong
fcka,2,2,2,2,1,2,Strong
fckahz,2,2,2,3,2,2,Strong
fcked,1,2,2,3,2,2,Strong
fckedup,3,2,1,2,2,2,Strong
fcker,2,2,2,3,2,2,Strong
fckin,2,2,1,2,3,2,Strong
fcking,3,2,2,2,2,2,Strong
Fckk,2,3,2,2,2,2,Strong
fckked,2,2,2,2,2,2,Strong
fckking,2,3,2,2,2,2,Strong
fcks,1,3,2,2,2,2,Strong
fckyeah,2,2,1,1,2,2,Strong
fcuk,2,1,2,3,2,2,Strong
fcuked,2,2,2,3,2,2,Strong
fcuker,2,3,3,2,2,2,Strong
fcukers,2,3,2,2,2,2,Strong
fcuking,3,2,2,2,2,2,Strong
fcukker,3,2,2,2,2,2,Strong
fcuks,2,2,2,3,2,2,Strong
fcvking,3,2,2,2,2,2,Strong
feck,1,1,2,2,2,2,Strong
feck arse,2,2,3,2,2,2,Strong
fecker,3,2,1,2,3,2,Strong
feg,1,3,3,2,3,2,Strong
fellatio aficionado,1,3,2,3,1,2,Strong
fellator,1,1,1,2,3,2,Strong
fick,1,1,3,2,1,2,Strong
fingerbanged,2,1,2,1,2,2,Strong
fk bunny,1,2,2,3,2,2,Strong
fkbny,2,1,1,3,1,2,Strong
fked,3,3,2,1,1,2,Strong
fker,2,3,2,2,3,2,Strong
fking,2,2,3,2,2,2,Strong
fkings,2,1,2,2,2,2,Strong
fkker,3,2,2,2,2,2,Strong
flamer,2,3,1,3,1,2,Strong
focker,2,2,3,2,1,2,Strong
fook,2,1,1,3,1,2,Strong
fooker,2,2,3,1,1,2,Strong
fookuh,1,2,2,3,1,2,Strong
fothermuckers,1,2,2,1,3,2,Strong
fuc,1,2,1,1,3,2,Strong
fucc,3,2,2,1,2,2,Strong
fucca,2,1,2,2,3,2,Strong
fuccers,3,2,2,2,2,2,Strong
fuccs,1,3,2,2,2,2,Strong
Fuck,2,1,2,3,2,2,Strong
fuck arse,2,3,3,2,2,2,Strong
fuck face,2,3,2,2,3,2,Strong
fuck faces,2,2,2,3,2,2,Strong
fuck goblin,2,3,2,2,2,2,Strong
fuck head,3,3,2,2,2,2,Strong
fuck off,2,2,3,1,2,2,Strong
fuck up,2,2,2,2,1,2,Strong
fuck y0u,2,2,3,2,3,2,Strong
fuck you,3,2,2,2,3,2,Strong
fuck your,2,2,3,3,2,2,Strong
fucka,2,2,2,2,3,2,Strong
fuckahs,1,2,2,2,3,2,Strong
fuckass,2,2,3,2,3,2,Strong
fuckasses,3,2,2,2,3,2,Strong
fuckaz,2,2,2,2,3,2,Strong
fucked,2,1,3,2,1,2,Strong
fucked up,3,2,2,2,2,2,Strong
fuckem,2,2,2,3,2,2,Strong
fucker,2,2,2,2,3,2,Strong
fucker off,2,2,3,2,1,2,Strong
fuckers,2,2,2,3,3,2,Strong
fuckface,1,3,2,3,2,2,Strong
fuckfaces,3,2,2,2,2,2,Strong
fuckhead,3,2,2,2,2,2,Strong
fuckin,1,2,2,2,3,2,Strong
fucking,2,2,3,2,2,2,Strong
fucking A,2,2,3,3,2,2,Strong
fucking bastard,2,3,2,2,3,2,Strong
fucking hell,2,2,3,2,1,2,Strong
fucking me,2,2,3,2,2,2,Strong
fucking shit,2,2,2,2,1,2,Strong
fuckk,2,2,2,3,2,2,Strong
fuckless,2,2,2,2,2,2,Strong
fuckmachine,2,2,2,2,2,2,Strong
fucknuckle,3,2,3,2,2,2,Strong
fucks,2,2,2,2,2,2,Strong
fuckshit,3,2,2,3,2,2,Strong
fuckshitface,3,2,2,2,3,2,Strong
fuckstar,2,2,3,2,2,2,Strong
fuckster,2,2,2,2,3,2,Strong
fuckstick,2,3,2,2,2,2,Strong
fuckup,2,2,2,1,3,2,Strong
fuckwad,2,2,3,2,2,2,Strong
fucs,3,3,1,3,2,2,Strong
fucx,2,2,2,2,3,2,Strong
fudgepacker,3,2,1,3,3,2,Strong
fudgepackers,1,2,2,3,3,2,Strong
fugged,1,3,1,2,2,2,Strong
fugger,2,2,1,3,2,2,Strong
fuggings,2,2,2,2,2,2,Strong
fuk,3,2,1,2,2,2,Strong
fuk1n,2,2,2,3,1,2,Strong
fuk1ng,3,2,2,2,2,2,Strong
fukcs,2,1,2,2,3,2,Strong
fuker,3,2,2,2,2,2,Strong
fukheads,1,2,3,2,2,2,Strong
fukin,2,2,2,2,3,2,Strong
fuking,1,2,3,2,2,2,Strong
fukk,2,2,2,3,1,2,Strong
fukka,2,2,3,2,2,2,Strong
fukked,2,2,1,3,2,2,Strong
fukker,2,2,1,3,2,2,Strong
fukkers,3,2,1,2,2,2,Strong
fukking,3,2,1,2,2,2,Strong
fukkings,2,3,1,2,2,2,Strong
fukkuh,2,2,2,3,2,2,Strong
fuks,3,2,2,2,2,2,Strong
fukwit,2,2,2,3,2,2,Strong
fuq,2,1,2,3,1,2,Strong
fux,2,3,2,2,2,2,Strong
fux0r,2,1,3,2,2,2,Strong
fvck,3,2,1,2,1,2,Strong
fvck you,2,3,2,2,2,2,Strong
fvcka,2,2,2,2,2,2,Strong
fvckbunny,2,2,2,2,3,2,Strong
fvcker,2,3,2,3,2,2,Strong
fvckers,3,2,2,2,2,2,Strong
fvckin,2,1,3,2,1,2,Strong
fvcking,3,2,2,2,1,2,Strong
fvckker bunny,3,2,2,2,2,2,Strong
fvckwhi,2,2,2,2,3,2,Strong
fxck,2,1,3,1,1,2,Strong
fxcked,2,2,3,2,1,2,Strong
fxcker,3,2,2,2,2,2,Strong
fxcking,2,2,3,2,2,2,Strong
g@ylord,1,1,2,2,3,2,Strong
g0ddamned,3,2,1,1,1,2,Strong
gash-stabber,2,1,3,2,2,2,Strong
gay shit,2,1,3,1,2,2,Strong
gay wad,1,3,2,1,3,2,Strong
gaylord,3,2,1,1,1,2,Strong
gaylords,2,3,2,3,1,2,Strong
geebag,3,1,2,1,2,2,Strong
get fucked,2,2,3,2,3,2,Strong
gin jockey,1,2,3,1,3,2,Strong
gobshite,2,3,1,2,1,2,Strong
god dammit,1,1,3,1,2,2,Strong
god damn it,3,1,3,1,1,2,Strong
god damnit,3,3,3,1,1,2,Strong
godamnit,1,2,2,2,3,2,Strong
goddamn,2,1,2,2,1,2,Strong
goddamn son of a bitch,2,2,2,2,3,2,Strong
goddamned,2,2,1,1,3,2,Strong
goddamnit,1,3,1,2,1,2,Strong
gowl,1,1,1,3,2,2,Strong
groid,1,3,3,1,2,2,Strong
gyp,3,1,2,1,3,2,Strong
harry palms,1,2,2,1,2,2,Strong
heeb,1,3,2,2,3,2,Strong
hoar,2,2,1,2,2,2,Strong
hoe,2,2,2,2,2,2,Strong
hoe-asses,2,3,2,2,2,2,Strong
hoebag,2,2,2,2,2,2,Strong
hoes,2,2,2,2,2,2,Strong
holy fuck,3,2,2,2,1,2,Strong
homo,3,2,1,2,3,2,Strong
homos,3,2,3,1,2,2,Strong
injun,3,3,1,2,3,2,Strong
jackoff,3,2,1,2,2,2,Strong
jackoffz,1,2,1,2,2,2,Strong
jailba!t,1,3,1,2,1,2,Strong
jerkoff,2,1,2,1,2,2,Strong
jigaboo,1,3,3,2,3,2,Strong
jigga,2,1,3,3,3,2,Strong
jiggabooboo,2,3,3,1,3,2,Strong
jizz,2,1,1,1,3,2,Strong
jizz eater,3,3,2,2,2,2,Strong
jizz licker,2,3,2,3,2,2,Strong
jizz-jockey,2,3,2,1,3,2,Strong
jizzbags,2,2,3,2,3,2,Strong
jizzed,1,3,1,3,2,2,Strong
jizzes,3,2,2,1,3,2,Strong
jizzing,3,2,1,1,1,2,Strong
jizzsacks,1,2,2,2,2,2,Strong
jizzy,1,2,1,1,3,2,Strong
kiddy touch,1,1,1,3,3,2,Strong
kiss my ass,2,2,1,2,1,2,Strong
kitty puncher,1,3,2,3,2,2,Strong
kkk,1,3,1,1,3,2,Strong
klan,1,3,1,3,1,2,Strong
knickers,3,1,3,1,1,2,Strong
knob eater,1,2,3,2,3,2,Strong
knob gobbler,2,1,2,2,2,2,Strong
knob jockey,2,1,2,3,1,2,Strong
knob-face,2,1,1,2,2,2,Strong
knob-gobbler,2,1,2,2,1,2,Strong
knob-head,2,3,2,1,2,2,Strong
knob3d,1,1,3,1,2,2,Strong
knobeds,1,2,3,1,2,2,Strong
knobender,2,3,2,2,2,2,Strong
knobendy,1,1,1,2,3,2,Strong
knobgobbler,2,1,2,2,2,2,Strong
knobhead,2,1,1,2,2,2,Strong
knobheads,3,2,1,1,1,2,Strong
knobjockies,2,1,2,2,2,2,Strong
knobjocky,3,1,2,3,2,2,Strong
knobjokeys,2,2,2,1,2,2,Strong
l@dyb0i,3,1,3,1,3,2,Strong
l@dyb0y,1,2,1,3,3,2,Strong
l@dyboy,2,3,3,1,1,2,Strong
ladiboy,1,2,2,3,3,2,Strong
ladyb0i,1,3,2,3,2,2,Strong
ladyb0y,2,3,1,3,3,2,Strong
ladyboy,3,3,1,1,3,2,Strong
ladyboys,3,3,1,3,2,2,Strong
lesbo,1,1,3,3,3,2,Strong
m0f0,1,3,1,3,2,2,Strong
m0f0s,2,3,3,1,3,2,Strong
m0foes,1,3,2,2,3,2,Strong
m0ng0l0id,1,3,1,3,3,2,Strong
m0ngoloid,2,3,2,1,3,2,Strong
m0therfucker,3,3,2,3,1,2,Strong
markasses,3,1,2,3,1,2,Strong
meat curtains,1,3,3,2,1,2,Strong
mf'er,3,1,2,2,3,2,Strong
mf'ing,2,2,3,3,1,2,Strong
mfckers,1,3,2,3,2,2,Strong
MFer,1,2,2,1,3,2,Strong
mfing,2,1,3,2,1,2,Strong
mfk,2,1,3,1,1,2,Strong
mfs,3,2,1,2,3,2,Strong
milf,1,2,1,3,2,2,Strong
mindfuck,2,2,2,3,2,2,Strong
mof0es,3,1,2,2,3,2,Strong
mofo,3,1,3,2,1,2,Strong
mofo ass,3,2,3,2,2,2,Strong
mofoes,3,1,1,2,3,2,Strong
mofos,2,1,2,3,2,2,Strong
mofoshit,2,1,3,2,3,2,Strong
mofuccers,3,2,3,3,1,2,Strong
mofucckers,2,3,2,2,3,2,Strong
mofucker,2,2,3,1,2,2,Strong
mofuckkas,2,3,3,3,1,2,Strong
mofuk,2,3,2,2,2,2,Strong
mofukkas,3,2,2,2,3,2,Strong
molester,1,3,3,2,2,2,Strong
mong,2,3,1,1,2,2,Strong
mongoloid,3,1,3,3,1,2,Strong
motha fucker,1,3,3,3,2,2,Strong
mother effer,3,3,1,1,3,2,Strong
mothercker,3,2,3,1,2,2,Strong
motherfacking,3,1,2,3,3,2,Strong
motherfecka,3,1,3,3,2,2,Strong
motherfuck,1,2,3,3,3,2,Strong
motherfvckeds,2,2,3,3,1,2,Strong
motherfxck,2,2,3,3,2,2,Strong
mudderfuk,2,2,2,3,2,2,Strong
mufdive,3,1,1,2,2,2,Strong
muffdiving,2,2,3,1,2,2,Strong
muffdivings,3,1,3,2,2,2,Strong
muffindivin,3,1,1,2,2,2,Strong
muffindiving,3,2,1,1,2,2,Strong
muhfucking,2,3,2,2,3,2,Strong
mutha fucker,3,3,3,2,1,2,Strong
n0bhead,1,2,2,1,2,2,Strong
n0bj0cky,2,3,1,3,3,2,Strong
n1gga,1,2,3,3,3,2,Strong
n3gro,3,3,2,3,1,2,Strong
negro,3,1,2,3,1,2,Strong
niggahs,1,1,3,3,3,2,Strong
niggaz,1,3,1,3,3,2,Strong
nip,1,3,2,1,3,2,Strong
nob jockey,2,1,3,3,2,2,Strong
nob jokeys,1,1,2,2,3,2,Strong
nobhead,1,1,2,3,1,2,Strong
nobj0key,1,3,2,1,2,2,Strong
nobjockies,2,2,2,2,1,2,Strong
nobjocky,2,2,3,2,3,2,Strong
nobjokey,3,3,1,2,1,2,Strong
nobjokeys,2,2,1,2,2,2,Strong
nutsack,2,2,2,1,2,2,Strong
nutsacks,1,2,1,1,3,2,Strong
oven dodger,3,1,2,1,3,2,Strong
p3n1shead,2,2,2,2,1,2,Strong
pack my fudge,1,2,3,3,1,2,Strong
packerfudgehead,1,2,3,3,2,2,Strong
packing fudge,2,1,3,3,3,2,Strong
packing fudgehead,2,2,1,1,3,2,Strong
packingfudge,3,3,1,2,3,2,Strong
packingfudgefucking,2,2,3,2,3,2,Strong
packsomefudgefucker,2,2,2,3,3,2,Strong
pancake face,2,1,1,3,1,2,Strong
peckerhead,1,2,2,1,2,2,Strong
pedo,2,3,3,2,1,2,Strong
pedobear,2,2,1,3,2,2,Strong
pedobears,3,2,2,1,3,2,Strong
pedophl,3,3,3,1,1,2,Strong
pedos,3,1,2,3,3,2,Strong
pedoz,1,2,3,1,3,2,Strong
peter puffer,1,1,2,3,2,2,Strong
phuc,2,2,1,2,3,2,Strong
phucc,3,2,1,2,2,2,Strong
phuccer,2,3,2,2,2,2,Strong
phucchead,2,2,2,2,2,2,Strong
phuccing,1,1,2,3,2,2,Strong
phuck,3,2,2,2,2,2,Strong
phuck3r,1,2,2,2,2,2,Strong
phucked,2,1,2,2,3,2,Strong
phucker,3,2,2,2,2,2,Strong
phuckin,2,2,3,1,2,2,Strong
phucking,3,2,2,2,3,2,Strong
phuckings,3,2,2,2,3,2,Strong
phucks,2,2,2,2,2,2,Strong
phucup,1,1,2,2,3,2,Strong
phuk,2,2,2,2,2,2,Strong
phuked,2,3,2,2,2,2,Strong
phukeds,2,3,2,1,2,2,Strong
phukhead,3,2,3,2,2,2,Strong
phuking,3,3,2,1,2,2,Strong
phukings,3,2,2,2,2,2,Strong
phukk,3,2,2,1,1,2,Strong
phukked,1,3,3,2,1,2,Strong
phukkeds,1,3,2,2,2,2,Strong
phukker,2,2,2,3,2,2,Strong
Phukking,2,2,2,1,2,2,Strong
phuks,2,2,3,2,2,2,Strong
phukshit,2,2,2,3,2,2,Strong
phuku,2,2,3,2,2,2,Strong
phukup,1,2,2,2,2,2,Strong
phuq,2,2,2,3,2,2,Strong
phuqs,1,1,3,2,2,2,Strong
phvckings,2,2,3,2,2,2,Strong
pillow biter,3,1,3,3,2,2,Strong
pillow-biter,3,1,1,1,2,2,Strong
pole licker,3,3,2,2,1,2,Strong
pole smoker,2,2,2,2,2,2,Strong
pole sucker,1,2,1,3,2,2,Strong
polesmoker,2,2,3,2,2,2,Strong
prick-gobbler,2,1,2,3,3,2,Strong
prick-head,2,2,2,1,2,2,Strong
pu$sy,2,1,2,2,1,2,Strong
pu55y,1,2,2,2,1,2,Strong
punani,2,2,1,2,2,2,Strong
pussie,3,3,1,2,1,2,Strong
pussless,3,1,2,3,1,2,Strong
pusslicker,2,3,2,2,2,2,Strong
pussy lick,2,2,3,2,3,2,Strong
pussy licker,2,3,2,3,2,2,Strong
pussy licking,2,3,3,2,2,2,Strong
pussys,2,2,2,2,2,2,Strong
pussywhipped,2,2,3,1,1,2,Strong
puta,2,2,1,2,2,2,Strong
queers,1,3,1,2,2,2,Strong
rat bastard,1,1,2,1,3,2,Strong
rat baztad,1,3,2,2,1,2,Strong
redskin,3,1,1,3,3,2,Strong
retardotron,1,3,1,1,3,2,Strong
rim job,2,2,1,2,3,2,Strong
s-lut,2,2,1,2,2,2,Strong
s.o.b.s,2,1,3,1,1,2,Strong
S&M,3,1,2,1,1,2,Strong
salad tosser,3,2,1,2,2,2,Strong
sambo,3,1,1,3,3,2,Strong
scamfuck,2,2,2,3,3,2,Strong
scumfvck,2,2,3,2,3,2,Strong
sh1td1ck,2,2,2,2,2,2,Strong
sh1tdick,2,2,3,3,2,2,Strong
sh1th3ad,1,3,2,2,2,2,Strong
sh1theads,2,2,2,2,2,2,Strong
sh3male,2,3,2,2,3,2,Strong
sheister,3,2,3,1,1,2,Strong
shemal3,1,2,2,1,3,2,Strong
shemales,1,3,3,1,1,2,Strong
shiddick,2,2,2,2,2,2,Strong
shiester,2,3,1,3,1,2,Strong
shiesterfuck,3,2,3,1,2,2,Strong
shiesterfuckhead,3,1,2,2,3,2,Strong
shiesterfucks,3,3,2,2,2,2,Strong
shit face,2,2,1,2,2,2,Strong
shit for brains,1,2,1,2,2,2,Strong
shit fuck,2,2,3,3,2,2,Strong
shit head,1,2,2,2,2,2,Strong
shit licker,2,2,2,2,2,2,Strong
shit stain,2,2,1,2,2,2,Strong
shit-arse,2,2,1,1,2,2,Strong
shit-ass,2,2,2,2,2,2,Strong
shit-bandit,2,1,2,2,1,2,Strong
shit-stuffers,1,2,2,2,2,2,Strong
shitass,2,2,2,2,2,2,Strong
shitasses,2,2,2,2,2,2,Strong
shitbag,2,2,2,2,2,2,Strong
shitbird,2,2,2,2,1,2,Strong
shitblimp,2,1,2,1,2,2,Strong
shitblimps,2,2,1,2,1,2,Strong
shitbrain,2,2,2,2,2,2,Strong
shitd1ck,2,2,2,2,2,2,Strong
shitdick,2,2,2,3,3,2,Strong
shitdicks,2,2,2,2,2,2,Strong
shitdikk,2,2,2,2,2,2,Strong
shitdip,2,1,2,2,2,2,Strong
shiteblimps,1,2,2,2,2,2,Strong
shitedick,3,2,2,2,1,2,Strong
shitefuck,1,1,2,2,2,2,Strong
shitefulls,2,1,2,2,2,2,Strong
shitehead,2,2,1,2,2,2,Strong
shitface,2,2,2,2,2,2,Strong
shitfck,2,3,3,2,2,2,Strong
shitfk,2,1,1,3,2,2,Strong
shitfreak,2,2,2,2,2,2,Strong
shitfuck,1,2,3,2,3,2,Strong
shitfucker,3,2,3,2,2,2,Strong
shitfucks,2,2,3,3,2,2,Strong
shitfvck,2,3,2,2,2,2,Strong
shithead,2,2,1,2,2,2,Strong
shitheadfuckface,2,3,2,3,2,2,Strong
shitheads,2,2,1,2,2,2,Strong
shithole,2,2,1,2,2,2,Strong
shitsdick,2,1,2,2,2,2,Strong
shitsfuck,3,2,2,2,2,2,Strong
shittasticfuck,2,3,1,3,2,2,Strong
shitty mofoes,1,3,1,2,1,2,Strong
shittydick,3,3,2,1,1,2,Strong
shittydicks,2,2,2,2,2,2,Strong
shittyfuck,1,1,2,3,2,2,Strong
shittyfuckface,2,2,2,2,3,2,Strong
shittyful,2,2,2,1,1,2,Strong
shtfuk,1,2,2,2,2,2,Strong
shut the fuck up,3,2,2,1,3,2,Strong
shylock,1,1,3,1,2,2,Strong
sk@nks,1,1,2,1,3,2,Strong
skank,2,1,2,2,2,2,Strong
skankz,2,1,2,2,1,2,Strong
slag,1,2,3,1,1,2,Strong
slit,1,1,3,2,1,2,Strong
slut,2,2,2,2,2,2,Strong
slut hole,3,2,2,3,2,2,Strong
sluts,2,1,2,2,1,2,Strong
slutty,2,2,1,2,2,2,Strong
soab,3,1,1,2,1,2,Strong
son o bitch,1,2,1,3,1,2,Strong
sons of b1tches,1,2,1,2,2,2,Strong
sons of bitches,1,2,1,3,1,2,Strong
sonz of bitchez,3,2,1,1,2,2,Strong
soppy bollucks,1,1,1,2,3,2,Strong
stfu,2,3,1,1,2,2,Strong
stupid fucker,2,2,3,2,3,2,Strong
stupid hoe,3,2,2,2,3,2,Strong
suck my cock,2,3,2,2,2,2,Strong
suck my d,3,2,2,1,1,2,Strong
suck my dick,2,3,2,2,2,2,Strong
suck off,2,1,3,1,2,2,Strong
sumbitch,2,1,2,2,1,2,Strong
tacohead,3,1,2,3,3,2,Strong
throat yogurt,1,2,1,2,3,2,Strong
throater,3,1,3,3,2,2,Strong
tongue fucker,3,3,2,2,2,2,Strong
tossing salad,1,3,1,2,2,2,Strong
tramp,2,1,2,2,1,2,Strong
transvestite,1,3,3,2,3,2,Strong
trashb1tch,2,2,1,2,2,2,Strong
trashbitch,2,2,2,2,2,2,Strong
trashybitches,2,2,2,1,2,2,Strong
turdcutter,2,2,1,1,2,2,Strong
turdhead,2,2,1,2,1,2,Strong
tw@t,2,2,2,1,2,2,Strong
twat,3,2,1,1,2,2,Strong
twat waffle,1,2,2,2,3,2,Strong
twatface,2,3,3,2,2,2,Strong
twats,2,2,2,1,1,2,Strong
twatt,2,2,1,2,1,2,Strong
twattish,1,1,2,2,2,2,Strong
twatzilla,3,1,2,2,2,2,Strong
w4nk3r,1,1,1,3,2,2,Strong
wang wrangler,3,2,2,2,1,2,Strong
wankbastard,1,2,2,2,2,2,Strong
wankies,2,1,3,1,1,2,Strong
wh0r3,2,2,2,2,2,2,Strong
wh0re,2,2,2,2,2,2,Strong
what the fuck,2,2,3,2,2,2,Strong
whoar,2,2,1,2,2,2,Strong
whoars,2,2,2,2,2,2,Strong
whor3,2,2,2,2,1,2,Strong
whore,2,2,2,1,2,2,Strong
whores,2,2,2,2,2,2,Strong
willy-whacker,1,2,2,2,2,2,Strong
window licker,3,2,1,2,1,2,Strong
wop,3,3,3,1,2,2,Strong
wophead,3,3,3,1,1,2,Strong
zipperhead,2,3,1,3,3,2,Strong
@ssfcker,2,3,3,3,3,3,Severe
@ssfucker,3,3,2,3,3,3,Severe
animal fucker,3,3,3,3,3,3,Severe
arse-fucker,2,3,3,2,3,3,Severe
arse-fuckers,2,3,2,3,3,3,Severe
arsefuck,2,3,3,3,3,3,Severe
arsefucker,3,3,2,3,2,3,Severe
ass eating boiolas,3,2,3,3,3,3,Severe
ass eating nob jokeys,3,2,3,3,3,3,Severe
ass fecker,2,3,3,3,2,3,Severe
ass fuck,3,3,3,3,2,3,Severe
ass fucker,3,2,3,3,2,3,Severe
ass fucking boiolas,2,3,3,2,3,3,Severe
ass fucking nob jokeys,3,3,1,3,3,3,Severe
ass-fucker,3,3,2,3,3,3,Severe
ass-fuckers,2,3,3,3,2,3,Severe
assfck,3,2,3,2,3,3,Severe
assfcker,3,2,3,3,3,3,Severe
assfkcer,3,3,3,2,2,3,Severe
assfook,3,3,2,3,2,3,Severe
assfuck,2,3,2,3,3,3,Severe
assfuck3r,2,3,3,3,3,3,Severe
assfucker,3,3,2,3,3,3,Severe
assfuckers,3,3,3,3,2,3,Severe
assfukka,3,3,3,3,2,3,Severe
assfukker,3,2,3,3,2,3,Severe
assfukkerz,3,3,2,3,3,3,Severe
assfvck3r,3,3,3,3,3,3,Severe
assfvcker,2,3,2,3,3,3,Severe
asshole fucker,3,3,2,3,2,3,Severe
beaner,3,3,3,3,1,3,Severe
beaners,3,3,3,3,1,3,Severe
bum-driller,3,2,3,3,3,3,Severe
butt fucker,3,3,3,3,3,3,Severe
butt-fuckers,3,3,3,2,3,3,Severe
butt-fucking-bandit,3,3,2,2,3,3,Severe
buttfucker,3,3,3,3,3,3,Severe
buttfuckers,3,3,3,3,3,3,Severe
butthole boy,3,3,3,1,3,3,Severe
c*nt,3,3,3,3,3,3,Severe
c*ntface,3,3,3,3,3,3,Severe
c*nts,3,2,3,3,3,3,Severe
c*nty,3,2,3,3,3,3,Severe
c00n,3,3,3,3,2,3,Severe
c00nies,1,3,3,3,3,3,Severe
Camel jockey,3,3,2,3,3,3,Severe
carpetmuncher,2,3,2,3,3,3,Severe
cawksucker,2,3,2,3,3,3,Severe
ch1nk,3,3,3,3,3,3,Severe
chinavirus,3,3,3,3,1,3,Severe
chinese-virus,3,3,2,3,3,3,Severe
chingchong,2,3,3,3,3,3,Severe
chink,3,3,3,3,3,3,Severe
chinky,3,3,3,3,3,3,Severe
closet fuckhead,3,3,3,3,2,3,Severe
cock sucking boiolas,2,3,2,3,3,3,Severe
cock sucking nob jokeys,3,3,3,3,2,3,Severe
cocksucking mothafuckers,3,3,3,3,3,3,Severe
coon,3,3,3,3,3,3,Severe
coon1es,3,3,3,3,3,3,Severe
coonie,3,3,2,3,3,3,Severe
coonies,3,3,3,3,3,3,Severe
coons,2,3,3,3,3,3,Severe
cooter shooting,3,2,3,3,2,3,Severe
cotton picker,3,3,2,3,3,3,Severe
cumdumpster,3,3,3,3,2,3,Severe
cumslut,2,3,3,3,3,3,Severe
cunt,2,2,3,3,3,3,Severe
cunt ass,3,3,3,2,3,3,Severe
cunt fart,1,3,3,3,3,3,Severe
cunt lick,3,3,3,3,3,3,Severe
cunt licker,3,3,3,3,3,3,Severe
cunt lips,3,3,3,2,3,3,Severe
cuntasaurus rex,3,2,3,3,3,3,Severe
cuntbag,3,3,3,3,3,3,Severe
cuntits,3,3,2,3,3,3,Severe
cuntless,3,3,3,3,2,3,Severe
cuntlick,3,3,3,3,3,3,Severe
cuntlickers,3,2,2,3,3,3,Severe
cuntness,3,3,3,3,3,3,Severe
cunts,2,3,2,3,3,3,Severe
cunty,2,3,3,3,3,3,Severe
cuntz,3,3,3,2,3,3,Severe
cuunt,3,2,2,3,3,3,Severe
darkass,3,3,1,3,3,3,Severe
darkie,3,3,2,3,3,3,Severe
darkshit,3,3,3,3,3,3,Severe
darktard,3,3,3,3,3,3,Severe
darky,3,3,3,3,2,3,Severe
dick fucker,3,2,3,3,3,3,Severe
dickfucker,3,3,2,3,3,3,Severe
dicksmoker,3,3,3,3,2,3,Severe
dog fuck,3,3,3,2,3,3,Severe
dog fucker,3,3,3,3,3,3,Severe
dog fucking,3,2,3,3,3,3,Severe
dog-fucker,3,3,3,3,2,3,Severe
dothead,3,1,3,3,3,3,Severe
dumbass fucker,3,2,3,3,2,3,Severe
dumbass mothafuckers,3,3,3,3,2,3,Severe
dune coon,3,3,3,3,3,3,Severe
dyke,3,3,3,3,2,3,Severe
f@g,3,3,2,3,3,3,Severe
f@gg0t,3,3,3,3,3,3,Severe
f@gging,2,3,3,3,3,3,Severe
f@ggot,3,3,3,3,3,3,Severe
f@gs,3,3,3,3,3,3,Severe
f@gshit,3,2,3,3,3,3,Severe
face fuck,2,3,3,3,3,3,Severe
fag,3,3,2,3,3,3,Severe
fag asses,3,2,3,3,3,3,Severe
fag bag,3,3,2,3,3,3,Severe
fag hag,3,3,1,3,3,3,Severe
fag queen,3,3,2,3,3,3,Severe
fag0t,3,3,3,3,3,3,Severe
faget,3,3,3,3,3,3,Severe
fagg0t,3,3,3,3,3,3,Severe
fagging,3,3,3,3,3,3,Severe
faggo,3,3,2,3,3,3,Severe
faggot,3,3,2,3,3,3,Severe
faggot mofoes,3,3,3,3,3,3,Severe
faggot mothafuckers,3,3,3,3,3,3,Severe
faggot nob jokeys,3,3,3,3,3,3,Severe
faggot nobjockies,3,3,3,3,3,3,Severe
faggot son-of-a-bitch,3,3,3,3,3,3,Severe
faggoting,3,3,3,3,3,3,Severe
faggots,3,3,3,3,3,3,Severe
faggs,3,3,3,3,3,3,Severe
faggy,3,3,3,3,3,3,Severe
fagot,3,3,3,2,3,3,Severe
fags,3,3,3,3,3,3,Severe
fagshit,3,3,3,3,3,3,Severe
fcktard,3,2,3,3,3,3,Severe
finger fuck,2,2,3,3,3,3,Severe
flamers,3,3,3,3,2,3,Severe
fuccing,2,2,3,3,3,3,Severe
fuck your mother,3,3,2,3,3,3,Severe
fuckbag,2,3,3,3,2,3,Severe
fuckboy,2,3,3,2,3,3,Severe
fuckheaded,3,2,2,3,3,3,Severe
fuckheads,3,2,3,3,2,3,Severe
fucking asshole,2,3,3,3,3,3,Severe
fucking retard,3,3,3,3,3,3,Severe
fuckshithead,3,3,3,3,2,3,Severe
fucktard,3,3,3,2,3,3,Severe
fucktards,2,3,3,3,2,3,Severe
fuckwhore,2,3,2,3,3,3,Severe
fudgefucker,3,3,3,3,3,3,Severe
fudgepackershitter,3,3,3,3,3,3,Severe
fudgepacking fucker,3,3,3,3,3,3,Severe
fuggerz,2,3,2,3,3,3,Severe
fuku,3,2,2,3,3,3,Severe
fukwhore,3,2,3,3,3,3,Severe
futhamucka,3,3,3,1,3,3,Severe
g@y b1tch,3,3,3,3,1,3,Severe
g@yshit,3,2,2,3,3,3,Severe
gay ass,2,3,2,3,3,3,Severe
gay bitch,2,3,3,2,3,3,Severe
gay fuck,3,2,2,3,3,3,Severe
gay fucker,2,3,3,3,3,3,Severe
gaysian,3,3,1,3,3,3,Severe
gaytard,3,3,3,2,3,3,Severe
go fuck yourself,3,2,3,3,2,3,Severe
goddamn mothafuckers,3,3,2,3,3,3,Severe
gook,3,3,3,3,2,3,Severe
higg@,1,3,3,3,3,3,Severe
higg3r,3,2,3,3,3,3,Severe
higga,3,3,3,3,2,3,Severe
higger,3,3,1,3,3,3,Severe
higgers,3,3,3,3,3,3,Severe
homo asses,3,2,3,3,3,3,Severe
jap,3,2,3,3,3,3,Severe
jewboy,3,2,3,3,3,3,Severe
jigaboos,3,3,3,3,2,3,Severe
jiggaboo,3,3,3,3,3,3,Severe
jiggaboos,3,3,3,3,3,3,Severe
jiggabu,3,3,3,3,3,3,Severe
jiggas,2,3,3,3,3,3,Severe
jigger,3,3,3,3,3,3,Severe
jiggerboo,1,3,3,3,3,3,Severe
jiggerboos,3,3,3,3,3,3,Severe
jiggs,3,3,3,3,1,3,Severe
jiggyboo,3,3,3,3,3,3,Severe
jigro,2,3,3,3,3,3,Severe
jizzfucker,2,3,3,2,3,3,Severe
jizzstain,2,3,3,3,3,3,Severe
k!k3,1,3,3,3,3,3,Severe
k!ke,3,3,3,3,3,3,Severe
k..!ke,3,3,3,3,3,3,Severe
k1k3,3,3,3,3,3,3,Severe
k1ke,3,3,3,2,3,3,Severe
kid diddler,3,3,3,3,3,3,Severe
kike,3,3,3,3,3,3,Severe
kikes,3,3,3,3,3,3,Severe
kneegrows,3,3,3,3,2,3,Severe
knobjokey,3,3,2,2,3,3,Severe
ku kluxer,3,3,1,3,3,3,Severe
kyke,3,3,3,3,3,3,Severe
lady-boy,3,1,3,3,3,3,Severe
m@derfaker,3,3,2,3,3,3,Severe
m@derfuck,3,3,3,3,3,3,Severe
m@derfuckers,3,3,1,3,3,3,Severe
m0fo,3,3,3,2,2,3,Severe
m0fos,3,2,3,2,3,3,Severe
m0thafucked,3,3,3,3,3,3,Severe
m0thafucker,3,3,3,3,3,3,Severe
m0thafucking,3,3,3,2,3,3,Severe
m0therfuckeds,3,3,3,3,2,3,Severe
m0therfucking,3,3,3,3,3,3,Severe
m0therfvcker,3,3,3,3,3,3,Severe
mecha fag,3,3,3,3,3,3,Severe
mega fag,2,3,3,3,3,3,Severe
mf'ers,2,3,2,3,3,3,Severe
MFers,3,3,3,3,2,3,Severe
mfukk,3,3,3,3,3,3,Severe
mfukker,3,3,3,2,3,3,Severe
mof0s,3,2,3,2,3,3,Severe
mofcker,2,3,2,3,3,3,Severe
mofuck,3,3,3,3,2,3,Severe
mongrel,3,1,3,3,3,3,Severe
motha fucka,3,2,3,3,3,3,Severe
motha fuckers,3,3,3,3,3,3,Severe
mothaf@cked,1,3,3,3,3,3,Severe
mothafcked,3,2,3,2,3,3,Severe
mothafcking,3,3,2,3,3,3,Severe
Mothafucc,3,3,2,3,3,3,Severe
mothafucced,2,3,3,2,3,3,Severe
mothafuccer,3,3,3,3,3,3,Severe
mothafuccing,3,3,3,3,3,3,Severe
mothafuck,3,3,3,3,2,3,Severe
mothafucka,2,3,3,3,3,3,Severe
mothafuckas,2,2,3,3,3,3,Severe
mothafuckasses,3,3,3,3,3,3,Severe
mothafuckaz,2,3,3,2,3,3,Severe
mothafuckazzes,3,3,3,3,3,3,Severe
mothafucked,3,3,2,3,3,3,Severe
mothafuckeds,3,3,3,2,3,3,Severe
mothafucker,3,3,3,3,3,3,Severe
mothafuckers,3,3,2,2,3,3,Severe
mothafuckin,3,2,3,2,3,3,Severe
mothafucking,3,3,3,3,3,3,Severe
mothafuckings,3,3,3,3,2,3,Severe
mothafuckins,2,3,3,2,3,3,Severe
mothafucks,2,3,3,3,3,3,Severe
mothafuckz,2,2,3,3,3,3,Severe
mothafvcked,3,3,3,2,3,3,Severe
mother fuck,2,3,3,3,3,3,Severe
mother fuck you,3,2,2,3,3,3,Severe
mother fucka,3,3,2,3,3,3,Severe
mother fucker,3,3,3,3,3,3,Severe
mother fuckers,3,3,3,3,3,3,Severe
mother fucking,3,3,3,3,3,3,Severe
motherf@kka,1,3,3,3,3,3,Severe
motherfcked,3,3,2,3,3,3,Severe
motherfckin,3,3,3,3,3,3,Severe
motherfcking,3,3,3,3,3,3,Severe
motherfcks,3,3,3,2,3,3,Severe
motherfckshit,3,3,2,3,3,3,Severe
motherfecker,3,3,3,3,2,3,Severe
motherfk,3,2,3,3,3,3,Severe
motherfucca,2,2,3,3,3,3,Severe
motherfuccas,3,3,3,3,3,3,Severe
motherfuccers,3,3,3,3,3,3,Severe
motherfucked,3,3,3,3,3,3,Severe
motherfuckeds,3,3,3,3,3,3,Severe
motherfucker,3,3,3,3,3,3,Severe
motherfuckers,3,3,2,3,3,3,Severe
motherfuckin,3,3,3,1,3,3,Severe
motherfucking,2,3,3,3,3,3,Severe
motherfuckings,3,3,2,3,3,3,Severe
motherfuckingshit,2,3,3,3,3,3,Severe
motherfuckins,3,3,3,3,2,3,Severe
motherfuckka,3,3,3,3,3,3,Severe
motherfuckkas,3,3,3,3,3,3,Severe
motherfuckkers,3,3,3,3,3,3,Severe
motherfucks,3,3,3,3,3,3,Severe
motherfukka,3,3,3,3,3,3,Severe
motherfukker,3,3,3,3,3,3,Severe
motherfukkings,3,2,3,2,3,3,Severe
motherfvck,2,2,3,3,3,3,Severe
motherfvcked,1,3,3,3,3,3,Severe
motherfvcker,3,3,3,3,3,3,Severe
motherfvckers,3,3,2,3,3,3,Severe
motherfvcking,2,3,3,3,3,3,Severe
motherfxcking,2,2,3,3,3,3,Severe
mothfck,3,2,2,3,3,3,Severe
mothter fuck,3,3,3,3,3,3,Severe
mtherfuker,3,3,3,3,3,3,Severe
mthrfcker,2,2,3,3,3,3,Severe
muddafukkas,3,3,3,3,3,3,Severe
mudderfukker,2,3,3,3,2,3,Severe
mufdivin,3,3,2,3,3,3,Severe
mutha fucka,3,3,3,2,3,3,Severe
muthafecker,3,3,3,3,2,3,Severe
muthafeckers,3,3,3,3,3,3,Severe
muthafucka,3,3,2,3,3,3,Severe
muthafuckers,3,3,3,3,3,3,Severe
muthafuckings,3,3,3,3,3,3,Severe
muthafuckker,3,3,3,3,3,3,Severe
muthafuckkers,3,2,3,3,3,3,Severe
muthafukka,3,3,3,3,3,3,Severe
mutherfucker,3,2,3,2,3,3,Severe
mutherfuckers,3,3,3,2,3,3,Severe
n1ckker,2,3,3,3,3,3,Severe
n1g3r,3,3,3,3,3,3,Severe
n1g3rz,3,3,3,3,3,3,Severe
n1gg@,3,3,3,3,3,3,Severe
n1gg@hs,3,2,3,3,3,3,Severe
n1gg3r,3,3,3,3,3,3,Severe
n1gg3rs,3,3,3,3,3,3,Severe
n1ggah,3,3,2,3,3,3,Severe
n1ggahs,3,3,3,3,3,3,Severe
n1ggas,3,3,3,3,3,3,Severe
n1ggazes,3,3,3,3,3,3,Severe
n1gger,3,3,3,3,3,3,Severe
n1ggers,3,3,3,3,3,3,Severe
n1gguh,3,2,3,3,3,3,Severe
negga,3,2,3,3,3,3,Severe
neggar,3,3,3,3,2,3,Severe
negr0,3,3,2,3,3,3,Severe
negroes,2,3,3,2,3,3,Severe
negroid,3,3,2,2,3,3,Severe
niccer,3,2,3,2,3,3,Severe
nicka,3,3,3,3,1,3,Severe
nickas,2,3,3,3,3,3,Severe
nicker,3,3,3,3,3,3,Severe
nickk3r,3,3,3,3,3,3,Severe
nickker,3,3,3,3,3,3,Severe
nig,3,3,3,3,3,3,Severe
nig-nog,2,3,3,3,3,3,Severe
niga,1,3,3,3,3,3,Severe
nigah,3,3,3,3,2,3,Severe
nigasses,3,3,3,3,3,3,Severe
nigers,3,3,3,3,3,3,Severe
nigg@,3,3,3,3,2,3,Severe
nigg@hs,3,2,3,3,3,3,Severe
nigg@s,2,3,3,3,3,3,Severe
nigg@z,3,3,3,3,1,3,Severe
nigg@zzes,3,3,3,3,2,3,Severe
nigg3r,3,3,3,3,3,3,Severe
nigg3rs,3,3,3,3,3,3,Severe
nigg4h,3,3,3,3,3,3,Severe
nigg4hs,3,3,2,3,3,3,Severe
nigga,2,3,3,3,3,3,Severe
nigga lover,3,3,3,3,3,3,Severe
niggah,2,3,3,3,3,3,Severe
niggahz,3,3,3,3,3,3,Severe
niggas,3,3,2,3,3,3,Severe
niggass,3,3,3,3,1,3,Severe
niggazzes,3,3,3,3,2,3,Severe
nigger,3,3,3,3,3,3,Severe
nigger lover,3,3,3,3,3,3,Severe
niggers,3,3,3,3,3,3,Severe
niggerz,3,3,3,3,3,3,Severe
niggir,3,3,3,3,3,3,Severe
niggress,3,3,3,3,3,3,Severe
nigguh,3,3,3,3,2,3,Severe
nigguh,3,3,3,3,2,3,Severe
nigguhs,3,3,3,3,3,3,Severe
nigguhz,3,3,3,3,3,3,Severe
niglet,3,3,3,3,3,3,Severe
nignigs,3,3,3,3,3,3,Severe
nignog,3,3,3,2,3,3,Severe
nigra,3,3,3,2,3,3,Severe
nigre,3,3,3,3,3,3,Severe
nigs,2,3,3,3,3,3,Severe
niguh,3,3,3,3,2,3,Severe
nikk3r,3,3,3,3,3,3,Severe
nikkas,3,3,3,3,3,3,Severe
nikker,3,2,3,3,3,3,Severe
nuckas,2,3,3,2,3,3,Severe
p3nisfcker,3,3,3,3,3,3,Severe
p3nisfcukers,3,3,3,2,3,3,Severe
p3nisfvcker,3,2,3,3,3,3,Severe
p3nisfvckers,3,3,3,2,3,3,Severe
packingfudgefucker,3,2,3,3,3,3,Severe
paki,3,3,3,3,1,3,Severe
penisfcker,3,3,3,3,3,3,Severe
penisfuccer,3,2,3,3,3,3,Severe
penisfucker,3,3,3,3,3,3,Severe
penisfuckers,3,3,3,3,3,3,Severe
penisfvcker,3,3,3,3,3,3,Severe
penisfvckers,3,3,3,2,3,3,Severe
ph@ggots,3,2,3,3,3,3,Severe
phaggot,3,3,3,3,2,3,Severe
phaggots,3,3,3,3,3,3,Severe
phagot,3,3,3,3,3,3,Severe
phags,3,3,3,3,3,3,Severe
pig fucker,3,3,3,3,2,3,Severe
pigfucker,3,2,3,2,3,3,Severe
pigfuckers,3,3,3,3,3,3,Severe
pigfucking,3,3,3,2,2,3,Severe
pigfukker,3,2,3,3,3,3,Severe
piggyfuck,3,3,3,3,3,3,Severe
piss off fuckhead,3,3,3,3,3,3,Severe
porch monkey,3,3,3,3,3,3,Severe
punk ass mofoes,2,3,3,3,3,3,Severe
pussy fucker,3,3,3,3,2,3,Severe
pussylickers,3,3,3,3,2,3,Severe
queerasses,3,3,3,3,3,3,Severe
r3t@rd,2,3,3,3,3,3,Severe
r3t@rded,3,3,3,2,3,3,Severe
r3tard,3,3,3,3,1,3,Severe
raghead,3,3,3,3,2,3,Severe
raghead,3,3,3,3,3,3,Severe
ragheads,3,1,3,3,3,3,Severe
ragtard,3,3,3,3,3,3,Severe
retard,2,3,3,3,3,3,Severe
retard,3,3,3,3,3,3,Severe
retardo,3,3,2,3,2,3,Severe
rice monkey,3,3,3,3,3,3,Severe
sand nigger,3,3,3,3,3,3,Severe
sausage jockey,3,3,2,3,2,3,Severe
scumfuck,2,3,3,3,3,3,Severe
scumfucker,3,2,3,3,3,3,Severe
sh1tfuck,3,3,3,2,2,3,Severe
sh3mal3,3,3,2,2,3,3,Severe
she-male,3,3,3,3,2,3,Severe
shemale,1,3,3,3,3,3,Severe
shemale,2,3,3,2,3,3,Severe
shiesterfuckface,3,3,2,3,3,3,Severe
shit fucker,3,3,2,3,3,3,Severe
shit-fucker,2,3,3,3,2,3,Severe
shitassfucker,2,2,3,3,3,3,Severe
shitassfuckface,3,3,2,3,3,3,Severe
shitfacefuck,3,3,2,3,3,3,Severe
shitfacefucker,3,2,3,2,3,3,Severe
shitfuckhead,2,2,3,3,3,3,Severe
shitfuckmotherfucker,3,2,3,3,3,3,Severe
shitfudgefucker,3,3,3,2,2,3,Severe
shitheadfucker,2,3,3,3,3,3,Severe
shitterfucker,3,3,3,2,2,3,Severe
shytfeisterfuck,3,2,3,3,2,3,Severe
sl@nteye,3,3,3,3,3,3,Severe
slantard,3,3,3,3,2,3,Severe
slanteye,3,3,3,3,3,3,Severe
slanteye b1tch,3,2,3,2,3,3,Severe
slanteyes,3,3,3,3,3,3,Severe
slanteyeshit,3,3,3,3,3,3,Severe
slantfreak,3,3,3,1,3,3,Severe
slanty,1,3,3,3,3,3,Severe
snatch licker,3,3,3,2,3,3,Severe
spic,3,3,3,3,3,3,Severe
spic,3,3,3,3,3,3,Severe
spicfuck,3,3,3,3,3,3,Severe
spick,3,3,2,3,3,3,Severe
spick,3,3,3,3,3,3,Severe
spics,3,3,3,2,3,3,Severe
spicshit,3,3,3,3,3,3,Severe
spig,3,2,2,3,3,3,Severe
spig,1,3,3,3,3,3,Severe
spik,3,3,3,3,3,3,Severe
spik,3,3,3,3,3,3,Severe
spix,3,3,3,3,3,3,Severe
spook,3,3,3,3,3,3,Severe
spooks,1,3,3,3,3,3,Severe
swine fucker,3,3,2,3,3,3,Severe
tar-baby,2,2,3,3,3,3,Severe
tard,3,3,3,2,3,3,Severe
tard asses,3,3,3,3,3,3,Severe
timber nigger,3,3,3,3,3,3,Severe
tongue fucking,2,3,3,3,3,3,Severe
towelhead,3,3,3,3,3,3,Severe
towelheads,3,3,3,3,3,3,Severe
towelshithead,2,3,3,3,2,3,Severe
Tranny,3,3,3,3,2,3,Severe
useless fucker,3,2,3,3,2,3,Severe
we1back,3,3,3,1,3,3,Severe
wet back,3,3,3,3,2,3,Severe
wetback,3,3,3,3,3,3,Severe
wetbacks,3,3,3,3,1,3,Severe
wigger,3,3,3,3,1,3,Severe